,Issue Date,License Expiration Date,Reroof Type,Address,Latitude/Longitude
0,01/08/2013,03/31/2014,Class A or B,"19515 S VERMONT AVE Los Angeles CA, 90502","(33.85325, -118.29073)"
1,01/11/2013,06/30/2013,Class A or B,"606 S OLIVE ST Los Angeles CA, 90014","(34.04779, -118.2542)"
2,01/11/2013,06/30/2013,Class A or B,"2119 N BROADWAY Los Angeles CA, 90031",
3,01/17/2013,07/31/2014,Built Up,"8318 N DE SOTO AVE Los Angeles CA, 91304","(34.22056, -118.58831)"
4,01/28/2013,08/31/2014,REMOVE EXISTING SHINGLES; REROOF IN 30 YEAR CHINGLES OVER (1)  1.5 LB,"2716 S STANFORD AVE Los Angeles CA, 90011","(34.01936, -118.26024)"
5,01/29/2013,03/31/2014,Built Up,"2379 S WESTWOOD BLVD Los Angeles CA, 90064","(34.04076, -118.42925)"
6,01/30/2013,12/31/2013,REROOF 70 SQUARES W/CLASS 'A' MATERIALS WEIGHING LESS THAN 6 POUNDS PE,"830 E 59TH ST Los Angeles CA, 90001","(33.98709, -118.26016)"
7,02/01/2013,06/30/2013,Class A or B,"3515 W WILSHIRE BLVD Los Angeles CA, 90010","(34.0619, -118.30094)"
8,02/11/2013,06/30/2014,Comp Shingle,"1496 W COLORADO BLVD Los Angeles CA, 90041","(34.13903, -118.19796)"
9,02/13/2013,01/31/2014,Built Up,"1100 S LA CIENEGA BLVD Los Angeles CA, 90035","(34.05679, -118.37597)"
10,02/14/2013,06/30/2014,Built Up,"4024 N RADFORD AVE Los Angeles CA, 91604",
11,02/20/2013,06/30/2013,Class A or B,"5655 W ADAMS BLVD Los Angeles CA, 90016","(34.03262, -118.36664)"
12,02/21/2013,10/31/2013,Built Up,"18026 W VENTURA BLVD Los Angeles CA, 91316","(34.16463, -118.5254)"
13,02/27/2013,05/31/2014,Tear off existing roofing material and reroof with 30yr shingles.,"13020 W SAN VICENTE BLVD Los Angeles CA, 90049","(34.04845, -118.49051)"
14,02/27/2013,05/31/2014,Reroof with torch down roofing system,"1201 S LA BREA AVE Los Angeles CA, 90019","(34.05316, -118.34389)"
15,02/28/2013,04/30/2014,Built Up,"651 N LA CIENEGA BLVD Los Angeles CA, 90069","(34.08342, -118.37669)"
16,02/28/2013,07/31/2013,"T/O ROOFING, RESHEATH, AND REROOF. REMOVE AND REPLACE ONE DAMAGED ROOF","5132 W JEFFERSON BLVD Los Angeles CA, 90016","(34.02537, -118.35637)"
17,03/01/2013,01/31/2014,Class A or B,"1019 N AVALON BLVD Los Angeles CA, 90744","(33.78343, -118.26286)"
18,03/05/2013,06/30/2013,Class A or B,"7625 W MELROSE AVE Los Angeles CA, 90046","(34.08384, -118.35612)"
19,03/05/2013,10/31/2013,Built Up,"2301 W BELLEVUE AVE Los Angeles CA, 90026","(34.07417, -118.26931)"
20,03/07/2013,02/28/2014,Comp Shingle,"1043 S ABBOT KINNEY BLVD Los Angeles CA, 90291","(33.99203, -118.47099)"
21,03/08/2013,07/31/2014,Class A or B,"24911 S WESTERN AVE Los Angeles CA, 90717","(33.79838, -118.30784)"
22,04/08/2013,08/31/2014,Built Up,"921 N LA CIENEGA BLVD Los Angeles CA, 90069","(34.08754, -118.37658)"
23,04/10/2013,06/30/2014,Built Up,"4024 N RADFORD AVE Los Angeles CA, 91604",
24,04/17/2013,02/28/2014,Built Up,"7955 W 3RD ST Los Angeles CA, 90048","(34.07193, -118.36338)"
25,04/18/2013,06/30/2014,Built Up,"4024 N RADFORD AVE Los Angeles CA, 91604",
26,04/18/2013,06/30/2014,Built Up,"4024 N RADFORD AVE Los Angeles CA, 91604",
27,04/18/2013,06/30/2014,Built Up,"4024 N RADFORD AVE Los Angeles CA, 91604",
28,04/22/2013,12/31/2013,Built Up,"6859 N VALJEAN AVE Los Angeles CA, 91406","(34.19566, -118.48601)"
29,04/22/2013,06/30/2014,Comp Shingle,"18224 W PARTHENIA ST Los Angeles CA, 91325","(34.22854, -118.53041)"
30,04/25/2013,03/31/2014,Class A or B,"10807 N SAN FERNANDO ROAD Los Angeles CA, 91331","(34.26639, -118.42263)"
31,05/02/2013,09/30/2014,Built Up,"1010 N HIGHLAND AVE Los Angeles CA, 90038","(34.08928, -118.33841)"
32,05/08/2013,12/31/2013,Built Up,"20540 W SUPERIOR ST Los Angeles CA, 91311","(34.24626, -118.58135)"
33,05/08/2013,05/31/2013,Built Up,"6622 W MELROSE AVE Los Angeles CA, 90036","(34.0833, -118.33943)"
34,05/10/2013,09/30/2013,Built Up,"19761 W BAHAMA ST Los Angeles CA, 91324","(34.23351, -118.56404)"
35,05/10/2013,04/30/2015,Built Up,"12201 W VENICE BLVD Los Angeles CA, 90066","(34.00495, -118.43162)"
36,05/15/2013,07/31/2013,Built Up,"8599 W VENICE BLVD Los Angeles CA, 90034","(34.03438, -118.38006)"
37,05/17/2013,03/31/2014,Built Up,"1880 S CENTURY PARK Los Angeles CA, 90067","(34.06144, -118.41437)"
38,05/22/2013,11/30/2014,Built Up,"20730 W DEARBORN ST Los Angeles CA, 91311","(34.23712, -118.58532)"
39,05/23/2013,10/31/2014,Class A or B,"15321 S FIGUEROA ST Los Angeles CA, 90248","(33.89211, -118.2832)"
40,05/23/2013,12/31/2014,Built Up,"208 S LINCOLN BLVD Los Angeles CA, 90291","(34.00177, -118.46833)"
41,05/31/2013,10/31/2013,Built Up,"1843 S ARAPAHOE ST Los Angeles CA, 90006","(34.04065, -118.2854)"
42,05/31/2013,08/31/2014,Built Up,"7832 N ALABAMA AVE Los Angeles CA, 91304","(34.21279, -118.59926)"
43,05/31/2013,02/28/2014,Built Up,"16935 W VANOWEN ST Los Angeles CA, 91406","(34.19403, -118.50247)"
44,06/04/2013,07/31/2013,Built Up,"1811 N WESTERN AVE Los Angeles CA, 90028","(34.10382, -118.30947)"
45,06/04/2013,10/31/2014,Built Up,"10100 N BALBOA BLVD Los Angeles CA, 91343","(34.25403, -118.50217)"
46,06/11/2013,10/31/2013,Comp Shingle,"5550 W THORNBURN ST Los Angeles CA, 90045","(33.97352, -118.37727)"
47,06/19/2013,12/31/2013,Built Up,"22330 W SHERMAN WAY Los Angeles CA, 91303","(34.20073, -118.61347)"
48,06/28/2013,12/31/2013,Built Up,"8600 N WILBUR AVE Los Angeles CA, 91324","(34.22676, -118.54464)"
49,07/03/2013,02/28/2014,Built Up,"1301 N VERMONT AVE Los Angeles CA, 90027","(34.09573, -118.29203)"
50,07/09/2013,06/30/2014,"Tear off existing roofing material, apply 28lbs base sheet and reroof","17231 W SHERMAN WAY Los Angeles CA, 91406","(34.20136, -118.50861)"
51,07/15/2013,05/31/2015,Comp Shingle,"2701 N NEWELL ST Los Angeles CA, 90039","(34.10011, -118.24618)"
52,07/16/2013,01/31/2014,Built Up,"7641 N DENSMORE AVE Los Angeles CA, 91406","(34.20953, -118.47725)"
53,07/30/2013,04/30/2015,Built Up,"5127 N LAUREL CANYON BLVD Los Angeles CA, 91607","(34.16375, -118.39672)"
54,08/02/2013,06/30/2015,WATER DAMAGE REPAIR TO (E) FRONT DECK (323 SF) AND REROOF CLASS  A (30,"545 N COMMONWEALTH AVE Los Angeles CA, 90004","(34.0807, -118.28574)"
55,08/07/2013,01/31/2014,Built Up,"14531 W DELANO ST Los Angeles CA, 91411","(34.18278, -118.44985)"
56,08/08/2013,07/31/2014,Built Up,"7137 N RESEDA BLVD Los Angeles CA, 91335","(34.20046, -118.53624)"
57,08/12/2013,05/31/2014,Comp Shingle,"1828 S SAWTELLE BLVD Los Angeles CA, 90025","(34.04323, -118.44539)"
58,08/13/2013,06/30/2014,Built Up,"3150 W SAN FERNANDO ROAD Los Angeles CA, 90065","(34.11582, -118.24713)"
59,08/13/2013,10/31/2013,"Tear off existing roofing material  and reroof with class ""A"", title 2","10479 W PICO BLVD Los Angeles CA, 90064","(34.04553, -118.41889)"
60,08/13/2013,10/31/2013,"Tear off existing roofing material.  Reroof with class ""A"" mission 2pc","10425 W PICO BLVD Los Angeles CA, 90064","(34.04603, -118.41789)"
61,08/16/2013,10/31/2013,Built Up,"4901 S MARIONWOOD DR Los Angeles CA, 90230","(33.99325, -118.41076)"
62,08/22/2013,01/31/2015,Built Up,"8801 S BELLANCA AVE Los Angeles CA, 90045","(33.95731, -118.38065)"
63,08/26/2013,03/31/2014,Built Up,"20133 W SHERMAN WAY Los Angeles CA, 91306","(34.20128, -118.57238)"
64,08/27/2013,01/31/2014,Built Up,"17021 W ROSCOE BLVD Los Angeles CA, 91325","(34.22136, -118.50339)"
65,09/09/2013,03/31/2015,Built Up,"446 S LA BREA AVE Los Angeles CA, 90036","(34.06547, -118.34378)"
66,09/11/2013,10/31/2013,Built Up,"370 S CLARENCE ST Los Angeles CA, 90033","(34.04338, -118.22368)"
67,09/17/2013,06/30/2015,Class A or B,"13746 W VICTORY BLVD Los Angeles CA, 91401","(34.18644, -118.43285)"
68,09/19/2013,12/31/2014,Built Up,"1700 S WESTERN AVE Los Angeles CA, 90006","(34.04254, -118.30884)"
69,09/20/2013,,Class A or B,"1019 N AVALON BLVD Los Angeles CA, 90744","(33.78348, -118.263)"
70,09/24/2013,09/30/2013,Built Up,"15041 W KESWICK ST Los Angeles CA, 91405","(34.21045, -118.46025)"
71,10/09/2013,10/31/2015,Built Up,"20434 W SHERMAN WAY Los Angeles CA, 91306","(34.20084, -118.57865)"
72,10/11/2013,04/30/2015,Comp Shingle,"4953 W FRANKLIN AVE Los Angeles CA, 90027","(34.10552, -118.2975)"
73,10/17/2013,06/30/2015,Built Up,"16913 W DEVONSHIRE ST Los Angeles CA, 91344","(34.25767, -118.50052)"
74,10/22/2013,12/31/2013,Built Up,"7100 N SOPHIA AVE Los Angeles CA, 91406","(34.19931, -118.48684)"
75,10/23/2013,07/31/2015,Built Up,"8687 W VENICE BLVD Los Angeles CA, 90034","(34.03313, -118.38225)"
76,10/24/2013,03/31/2014,Built Up,"826 N LA CIENEGA BLVD Los Angeles CA, 90069","(34.08614, -118.37626)"
77,10/25/2013,,SUPPLEMENTAL TO 13016-10000-05354 TO INCLUDE:  REROOF 77 SQUARES W/CLA,"1001 S PALOS VERDES ST Los Angeles CA, 90731","(33.73492, -118.2815)"
78,10/29/2013,03/31/2015,Built Up,"9401 N OSO AVE Los Angeles CA, 91311","(34.2411, -118.57555)"
79,10/31/2013,07/31/2015,Built Up,"11758 W OLYMPIC BLVD Los Angeles CA, 90064","(34.03317, -118.44927)"
80,11/05/2013,08/31/2015,Built Up,"15800 W ROSCOE BLVD Los Angeles CA, 91406","(34.2212, -118.47638)"
81,11/15/2013,,Class A or B,"481 W 2ND ST Los Angeles CA, 90731","(33.74227, -118.28738)"
82,11/19/2013,09/30/2015,Comp Shingle,"1765 S LA CIENEGA BLVD Los Angeles CA, 90035","(34.04538, -118.37683)"
83,11/19/2013,07/31/2014,Built Up,"7188 W SUNSET BLVD Los Angeles CA, 90046","(34.09782, -118.3467)"
84,11/20/2013,01/31/2014,Built Up,"749 W VENICE BLVD Los Angeles CA, 90015","(34.03899, -118.27319)"
85,11/26/2013,04/30/2014,Built Up,"1064 W 251ST ST Los Angeles CA, 90710","(33.79659, -118.29497)"
86,11/29/2013,03/31/2014,Built Up,"12035 W VENICE BLVD Los Angeles CA, 90066","(34.0059, -118.42996)"
87,12/02/2013,03/31/2014,Built Up,"19419 W VENTURA BLVD Los Angeles CA, 91356","(34.1729, -118.55627)"
88,12/03/2013,10/31/2015,Built Up,"3139 W SAN FERNANDO ROAD Los Angeles CA, 90065","(34.11595, -118.24672)"
89,12/09/2013,10/31/2014,Built Up,"11650 W VICTORY BLVD Los Angeles CA, 91606","(34.18651, -118.38626)"
90,12/19/2013,09/30/2014,Class A or B,"11160 S HINDRY AVE Los Angeles CA, 90045","(33.93315, -118.3722)"
91,12/19/2013,09/30/2014,Class A or B,"11200 S HINDRY AVE Los Angeles CA, 90045","(33.93291, -118.37221)"
92,12/19/2013,09/30/2014,Class A or B,"11120 S HINDRY AVE Los Angeles CA, 90045","(33.93344, -118.3722)"
93,12/30/2013,12/31/2013,Built Up,"15745 W STAGG ST Los Angeles CA, 91406","(34.21218, -118.47647)"
94,12/31/2013,06/30/2015,Built Up,"915 N LA CIENEGA BLVD Los Angeles CA, 90069",
95,01/01/2014,03/31/2014,Built Up,"3349 S LA CIENEGA PL Los Angeles CA, 90016","(34.02727, -118.37549)"
96,01/10/2014,02/28/2014,Built Up,"7300 N TOPANGA CANYON BLVD Los Angeles CA, 91303","(34.20307, -118.60573)"
97,01/30/2014,10/31/2015,Built Up,"2902 N GILROY ST Los Angeles CA, 90039","(34.10622, -118.25157)"
98,01/31/2014,01/31/2015,CHANGE OUT STOREFRONT WINDOWS AND REROOF WITH NEW TILES. APPLY NEW FLO,"3709 E WHITTIER BLVD Los Angeles CA, 90023","(34.0247, -118.19356)"
99,02/21/2014,02/28/2015,Built Up,"5426 W WASHINGTON BLVD Los Angeles CA, 90016","(34.03847, -118.36118)"
100,02/21/2014,01/31/2016,Built Up,"8222 W 3RD ST Los Angeles CA, 90048","(34.07238, -118.36874)"
101,02/25/2014,01/31/2014,Built Up,"21438 W INGOMAR ST Los Angeles CA, 91304","(34.21181, -118.59904)"
102,03/05/2014,10/31/2015,Comp Shingle,"1600 N CAMPUS ROAD Los Angeles CA, 90041","(34.12626, -118.21412)"
103,03/06/2014,01/31/2016,Built Up,"2201 W 54TH ST Los Angeles CA, 90043","(33.99335, -118.31725)"
104,03/24/2014,03/31/2014,Built Up,"2055 S BARRINGTON AVE Los Angeles CA, 90025","(34.03581, -118.44934)"
105,03/30/2014,07/31/2015,Built Up,"9401 N RESEDA BLVD Los Angeles CA, 91324","(34.2412, -118.53628)"
106,04/02/2014,07/31/2014,Comp Shingle,"12171 N SAN FERNANDO ROAD Los Angeles CA, 91342","(34.29111, -118.4503)"
107,04/02/2014,04/30/2015,Class A or B,"14912 W BURBANK BLVD Los Angeles CA, 91411","(34.17188, -118.45803)"
108,04/02/2014,05/31/2015,Built Up,"7425 N BELLAIRE AVE Los Angeles CA, 91605","(34.20648, -118.40975)"
109,04/07/2014,04/30/2014,Built Up,"15230 W SAN FERNANDO MISSION BLVD Los Angeles CA, 91345","(34.27224, -118.46456)"
110,04/15/2014,04/30/2014,Built Up,"11155 N SEPULVEDA BLVD Los Angeles CA, 91345","(34.27369, -118.46805)"
111,04/17/2014,,Built Up,"1728 S LA CIENEGA BLVD Los Angeles CA, 90035","(34.04624, -118.37617)"
112,04/21/2014,09/30/2015,Built Up,"19743 W BAHAMA ST Los Angeles CA, 91324","(34.23344, -118.56376)"
113,04/28/2014,06/30/2015,Built Up,"10911 W RIVERSIDE DR Los Angeles CA, 91602","(34.15243, -118.36809)"
114,05/06/2014,10/31/2015,Built Up,"18440 W SHERMAN WAY Los Angeles CA, 91335","(34.20096, -118.53499)"
115,05/09/2014,05/31/2015,Built Up,"608 S MATEO ST Los Angeles CA, 90021","(34.0376, -118.23251)"
116,05/11/2014,03/31/2016,Built Up,"2401 W SAN FERNANDO ROAD Los Angeles CA, 90065","(34.10609, -118.23933)"
117,05/11/2014,03/31/2016,Built Up,"2409 W SAN FERNANDO ROAD Los Angeles CA, 90065","(34.1062, -118.23944)"
118,05/11/2014,03/31/2016,Built Up,"2413 W SAN FERNANDO ROAD Los Angeles CA, 90065","(34.10635, -118.23959)"
119,05/16/2014,07/31/2014,Built Up,"7911 N WINNETKA AVE Los Angeles CA, 91306","(34.21424, -118.57124)"
120,05/16/2014,05/31/2015,Built Up,"4722 N HASKELL AVE Los Angeles CA, 91436","(34.15605, -118.47467)"
121,05/16/2014,05/31/2015,Comp Shingle,"4722 N HASKELL AVE Los Angeles CA, 91436","(34.15605, -118.47467)"
122,05/22/2014,06/30/2015,Built Up,"13315 S FIGUEROA ST Los Angeles CA, 90248","(33.91078, -118.283)"
123,05/27/2014,07/31/2014,Built Up,"11230 N ILEX AVE Los Angeles CA, 91331","(34.27392, -118.43229)"
124,06/20/2014,01/31/2016,Built Up,"1226 N ALVARADO ST Los Angeles CA, 90026","(34.07877, -118.26257)"
125,06/30/2014,12/31/2015,Built Up,"3469 W CASITAS AVE Los Angeles CA, 90039","(34.11984, -118.25606)"
126,07/15/2014,02/29/2016,Built Up,"7532 N LANKERSHIM BLVD Los Angeles CA, 91605","(34.20759, -118.38758)"
127,07/28/2014,01/31/2016,Built Up,"4914 N TOPANGA CANYON BLVD Los Angeles CA, 91364","(34.15733, -118.60559)"
128,08/08/2014,01/01/2015,TI & REROOF (OVERALL DIMENSION  130' X 190') OF AN INDUSTRIAL BUILDING,"20315 W NORDHOFF ST Los Angeles CA, 91311","(34.23201, -118.57642)"
129,08/13/2014,10/31/2015,Built Up,"12458 N GLADSTONE AVE Los Angeles CA, 91342","(34.29612, -118.41197)"
130,08/13/2014,11/30/2015,Built Up,"9687 N SUNLAND BLVD Los Angeles CA, 91040","(34.2472, -118.35686)"
131,08/14/2014,10/31/2015,Built Up,"6641 W SUNSET BLVD Los Angeles CA, 90028","(34.09814, -118.33442)"
132,08/21/2014,10/31/2015,Built Up,"2832 E BLANCHARD ST Los Angeles CA, 90033","(34.0483, -118.198)"
133,08/25/2014,07/31/2016,Built Up,"2231 S COLBY AVE Los Angeles CA, 90064","(34.03505, -118.44437)"
134,09/01/2014,07/31/2016,Built Up,"7561 N LAUREL CANYON BLVD Los Angeles CA, 91605","(34.20814, -118.39673)"
135,09/03/2014,08/31/2014,Built Up,"4609 N VAN NUYS BLVD Los Angeles CA, 91403","(34.15506, -118.44889)"
136,09/19/2014,10/31/2014,Built Up,"131 N OCCIDENTAL BLVD Los Angeles CA, 90026","(34.071, -118.27939)"
137,09/22/2014,11/30/2014,Built Up,"6659 N TOPANGA CANYON BLVD Los Angeles CA, 91303","(34.19152, -118.60616)"
138,09/24/2014,11/30/2014,Built Up,"24373 W VANOWEN ST Los Angeles CA, 91307","(34.19515, -118.65618)"
139,09/29/2014,10/31/2014,Built Up,"18448 W SHERMAN WAY Los Angeles CA, 91335","(34.20096, -118.53524)"
140,10/02/2014,01/31/2016,Built Up,"12515 W VENTURA BLVD Los Angeles CA, 91604","(34.14294, -118.4059)"
141,10/07/2014,03/31/2015,Built Up,"20350 W PRAIRIE ST Los Angeles CA, 91311","(34.23896, -118.57718)"
142,10/08/2014,06/30/2015,Comp Shingle,"12501 N GLADSTONE AVE Los Angeles CA, 91342","(34.29709, -118.41363)"
143,10/13/2014,06/30/2016,Built Up,"21500 W WYANDOTTE ST Los Angeles CA, 91303","(34.20275, -118.59928)"
144,10/22/2014,03/31/2016,REROOF W/CLASS 'A' MATERIALS 74 SQUARES COATING SYSTEM-APOC#248,"3215 S LA CIENEGA AVE Los Angeles CA, 90034","(34.03181, -118.37901)"
145,10/24/2014,02/29/2016,Built Up,"18419 W SHERMAN WAY Los Angeles CA, 91335","(34.20129, -118.53457)"
146,10/29/2014,02/29/2016,Class A or B,"1011 E L ST Los Angeles CA, 90744","(33.7875, -118.25018)"
147,10/29/2014,11/30/2014,Built Up,"11751 W PICO BLVD Los Angeles CA, 90064","(34.0312, -118.44693)"
148,10/31/2014,06/30/2016,Built Up,"4887 E HUNTINGTON DR Los Angeles CA, 90032","(34.08678, -118.17755)"
149,11/07/2014,06/30/2016,Built Up,"19952 W VENTURA BLVD Los Angeles CA, 91364","(34.17156, -118.56788)"
150,11/26/2014,10/31/2015,"REROOF  2000  sq  feet, change plywood as necessary.  CLASS A  SHINGLE","1519 E PLEASANT AVE Los Angeles CA, 90033","(34.04916, -118.22134)"
151,12/08/2014,09/30/2015,Built Up,"14300 W SHERMAN WAY Los Angeles CA, 91405","(34.20099, -118.44464)"
152,12/19/2014,07/31/2015,Built Up,"1655 W BEVERLY BLVD Los Angeles CA, 90026","(34.06425, -118.2645)"
153,12/24/2014,10/31/2015,Built Up,"916 N WESTERN AVE Los Angeles CA, 90029","(34.08674, -118.30896)"
154,12/25/2014,04/30/2015,Built Up,"13000 W PIERCE ST Los Angeles CA, 91331","(34.26505, -118.41608)"
155,12/29/2014,05/31/2015,Comp Shingle,"12905 W RIVERSIDE DR Los Angeles CA, 91423","(34.15778, -118.41424)"
156,12/30/2014,10/31/2015,Built Up,"5011 N WHITE OAK AVE Los Angeles CA, 91316","(34.16145, -118.51879)"
157,12/31/2014,04/30/2016,REROOF 150 SQRS./W CLASS 'A' MATERIALS WEIGHING LESS THAN 6 POUNDS PER,"22804 S WESTERN AVE Los Angeles CA, 90501","(33.8188, -118.30866)"
158,01/05/2015,04/30/2016,Comp Shingle,"19425 W VENTURA BLVD Los Angeles CA, 91356","(34.17291, -118.5566)"
159,01/06/2015,02/28/2015,Class A or B,"2323 E 4TH ST Los Angeles CA, 90033","(34.04095, -118.21213)"
160,01/08/2015,04/30/2016,Built Up,"24045 S FRAMPTON AVE Los Angeles CA, 90710","(33.80617, -118.30052)"
161,01/12/2015,04/30/2015,Built Up,"5327 W SANTA MONICA BLVD Los Angeles CA, 90029","(34.09093, -118.30555)"
162,01/13/2015,12/31/2015,Built Up,"13237 N GLADSTONE AVE Los Angeles CA, 91342","(34.31154, -118.42954)"
163,01/20/2015,03/31/2016,Built Up,"10875 W KINROSS AVE Los Angeles CA, 90024","(34.06092, -118.44476)"
164,01/20/2015,01/31/2016,Built Up,"11315 W VENICE BLVD Los Angeles CA, 90066","(34.01145, -118.42032)"
165,02/03/2015,05/31/2015,Built Up,"7119 N GERALD AVE Los Angeles CA, 91406","(34.19985, -118.4937)"
166,02/09/2015,05/31/2015,Built Up,"12445 W MOUNTAINGATE DR Los Angeles CA, 90049","(34.1074, -118.48784)"
167,02/11/2015,01/01/2016,"CHANGE OF USE FROM MACHINE SHOP TO OFFICE ( 2371 SF ) , TI  AND REROOF","2733 W SAN FERNANDO ROAD Los Angeles CA, 90065","(34.11016, -118.24249)"
168,02/12/2015,03/31/2016,Class A or B,"18751 W VENTURA BLVD Los Angeles CA, 91356","(34.17151, -118.54234)"
169,02/13/2015,05/31/2016,Class A or B,"11900 S AVALON BLVD Los Angeles CA, 90059","(33.92439, -118.26503)"
170,02/17/2015,06/30/2015,Built Up,"7429 W MELROSE AVE Los Angeles CA, 90046","(34.08374, -118.35197)"
171,02/17/2015,06/30/2015,Built Up,"7427 W MELROSE AVE Los Angeles CA, 90046","(34.08373, -118.35192)"
172,02/19/2015,10/31/2015,Built Up,"12017 W VOSE ST Los Angeles CA, 91605","(34.19855, -118.39489)"
173,02/20/2015,02/29/2016,Class A or B,"19900 W PLUMMER ST Los Angeles CA, 91311","(34.24259, -118.56723)"
174,02/23/2015,07/31/2015,Comp Shingle,"4112 W SLAUSON AVE Los Angeles CA, 90043","(33.98874, -118.34674)"
175,02/24/2015,12/31/2015,Class A or B,"864 S NEW HAMPSHIRE AVE Los Angeles CA, 90005","(34.05609, -118.29271)"
176,02/27/2015,05/31/2015,Comp Shingle,"12445 W MOUNTAINGATE DR Los Angeles CA, 90049","(34.1074, -118.48784)"
177,03/05/2015,08/31/2016,Built Up,"3705 S WOODLAWN AVE Los Angeles CA, 90011","(34.01473, -118.27296)"
178,03/06/2015,07/31/2015,Comp Shingle,"2634 S OVERLAND AVE Los Angeles CA, 90064","(34.03834, -118.4219)"
179,03/09/2015,03/31/2016,Built Up,"14428 W HAMLIN ST Los Angeles CA, 91401","(34.18847, -118.44754)"
180,03/09/2015,08/31/2016,Built Up,"1956 N CAHUENGA BLVD Los Angeles CA, 90068","(34.10682, -118.33049)"
181,03/12/2015,05/31/2015,Built Up,"2337 N CANYONBACK ROAD Los Angeles CA, 90049","(34.11033, -118.49502)"
182,03/24/2015,12/31/2016,Class A or B,"404 W PACIFIC COAST HWY Los Angeles CA, 90744","(33.79073, -118.26716)"
183,03/25/2015,06/30/2015,Comp Shingle,"1411 W SUNSET BLVD Los Angeles CA, 90026","(34.07461, -118.25189)"
184,04/01/2015,03/31/2015,Built Up,"13455 W BEACH AVE Los Angeles CA, 90292","(33.99065, -118.44576)"
185,04/03/2015,10/31/2016,Class A or B,"7350 W MELROSE AVE Los Angeles CA, 90036","(34.08343, -118.35003)"
186,04/09/2015,01/31/2015,Built Up,"142 S ROBERTSON BLVD Los Angeles CA, 90048","(34.07425, -118.38361)"
187,04/10/2015,06/30/2015,Comp Shingle,"3735 N CAHUENGA BLVD Los Angeles CA, 91604","(34.13554, -118.36199)"
188,04/14/2015,10/31/2015,Built Up,"1100 W MANCHESTER AVE Los Angeles CA, 90044","(33.95985, -118.29408)"
189,04/27/2015,01/31/2017,Built Up,"8617 W PICO BLVD Los Angeles CA, 90035","(34.05405, -118.37908)"
190,04/27/2015,05/31/2015,Built Up,"1204 N VINE ST Los Angeles CA, 90038","(34.09287, -118.32642)"
191,05/01/2015,01/31/2016,Built Up,"9131 N INDEPENDENCE AVE Los Angeles CA, 91311","(34.23623, -118.59094)"
192,05/04/2015,01/31/2016,Built Up,"5800 N TOPANGA CANYON BLVD Los Angeles CA, 91367","(34.17556, -118.60548)"
193,05/12/2015,05/31/2015,Built Up,"8100 W 3RD ST Los Angeles CA, 90048","(34.072, -118.36606)"
194,05/15/2015,02/29/2016,Built Up,"12328 W VENTURA BLVD Los Angeles CA, 91604","(34.14282, -118.40184)"
195,05/19/2015,02/29/2016,Built Up,"11846 W SHERMAN WAY Los Angeles CA, 91605","(34.20103, -118.39157)"
196,05/28/2015,02/29/2016,Built Up,"15140 W BLEDSOE ST Los Angeles CA, 91342","(34.30714, -118.46302)"
197,05/28/2015,06/30/2015,Built Up,"3008 W HYDE PARK BLVD Los Angeles CA, 90043","(33.98054, -118.32596)"
198,06/08/2015,10/31/2015,Built Up,"2624 W SUNSET BLVD Los Angeles CA, 90026","(34.0803, -118.2704)"
199,06/09/2015,01/31/2016,Built Up,"21505 W SHERMAN WAY Los Angeles CA, 91303","(34.20119, -118.59925)"
200,06/10/2015,02/28/2017,Class A or B,"2275 W 25TH ST Los Angeles CA, 90732","(33.72714, -118.3272)"
201,06/11/2015,06/30/2015,REROOF (E) WAREHOUSE TO COMPLY WITH COOL ROOF REQUIREMENTS,"16000 W ARMINTA ST Los Angeles CA, 91406",
202,06/19/2015,09/30/2016,Class A or B,"900 N HIGHLAND AVE Los Angeles CA, 90038","(34.08728, -118.33839)"
203,06/22/2015,01/31/2016,Built Up,"15725 W PARTHENIA ST Los Angeles CA, 91343","(34.22848, -118.47482)"
204,06/23/2015,05/31/2015,Built Up,"7700 W MELROSE AVE Los Angeles CA, 90036","(34.08353, -118.35748)"
205,06/30/2015,05/31/2015,Built Up,"2249 N CANYONBACK ROAD Los Angeles CA, 90049","(34.10742, -118.49529)"
206,06/30/2015,05/31/2015,Built Up,"2321 N CANYONBACK ROAD Los Angeles CA, 90049","(34.10933, -118.49493)"
207,06/30/2015,06/30/2017,Built Up,"15456 W CABRITO ROAD Los Angeles CA, 91406","(34.21687, -118.47015)"
208,06/30/2015,05/31/2015,Built Up,"2317 N CANYONBACK ROAD Los Angeles CA, 90049","(34.1093, -118.49493)"
209,07/07/2015,05/31/2015,Built Up,"2225 N CANYONBACK ROAD Los Angeles CA, 90049","(34.10671, -118.4951)"
210,07/08/2015,11/30/2016,Built Up,"6201 N LANKERSHIM BLVD Los Angeles CA, 91606","(34.18338, -118.38597)"
211,07/08/2015,11/30/2016,Built Up,"11315 S FIGUEROA ST Los Angeles CA, 90044","(33.93147, -118.28279)"
212,07/10/2015,10/31/2015,Built Up,"1412 N GLENDALE BLVD Los Angeles CA, 90026","(34.08004, -118.25986)"
213,07/12/2015,10/31/2015,Built Up,"12737 N GLENOAKS BLVD Los Angeles CA, 91342","(34.30159, -118.44224)"
214,07/12/2015,10/31/2015,Built Up,"1965 W BLAKE AVE Los Angeles CA, 90039","(34.10026, -118.24388)"
215,07/13/2015,10/31/2015,Built Up,"12023 W VOSE ST Los Angeles CA, 91605","(34.19972, -118.39513)"
216,07/13/2015,10/31/2015,Built Up,"12019 W VOSE ST Los Angeles CA, 91605","(34.19855, -118.39493)"
217,07/16/2015,09/30/2015,Class A or B,"8351 N SUNLAND BLVD Los Angeles CA, 91352","(34.22284, -118.36634)"
218,07/24/2015,06/30/2016,Built Up,"5557 N RESEDA BLVD Los Angeles CA, 91356","(34.17118, -118.53619)"
219,07/31/2015,12/31/2015,Built Up,"2019 N PASADENA AVE Los Angeles CA, 90031","(34.07463, -118.22055)"
220,07/31/2015,10/31/2016,Partial,"8529 N WILLIS AVE Los Angeles CA, 91402","(34.22559, -118.45542)"
221,08/05/2015,05/31/2016,Built Up,"11510 S VERMONT AVE Los Angeles CA, 90044","(33.92967, -118.29137)"
222,08/06/2015,05/31/2016,Built Up,"221 N FIGUEROA ST Los Angeles CA, 90012","(34.05882, -118.25099)"
223,08/11/2015,07/31/2016,Built Up,"10640 N SEPULVEDA BLVD Los Angeles CA, 91345","(34.26382, -118.46697)"
224,08/12/2015,07/31/2016,Built Up,"9080 N WOODMAN AVE Los Angeles CA, 91331","(34.23488, -118.43984)"
225,08/14/2015,01/31/2016,Built Up,"16116 W COHASSET ST Los Angeles CA, 91406","(34.20651, -118.48425)"
226,08/17/2015,06/30/2017,Built Up,"7419 W MELROSE AVE Los Angeles CA, 90046","(34.08373, -118.35175)"
227,08/17/2015,10/31/2016,Built Up,"16912 W DEVONSHIRE ST Los Angeles CA, 91344","(34.25731, -118.50053)"
228,08/19/2015,02/28/2017,Partial,"3621 W BRUNSWICK AVE Los Angeles CA, 90039","(34.11932, -118.26073)"
229,08/20/2015,05/31/2017,Built Up,"2029 S SEPULVEDA BLVD Los Angeles CA, 90025","(34.04203, -118.43978)"
230,08/25/2015,07/31/2017,Built Up,"7121 N VINELAND AVE Los Angeles CA, 91605","(34.20001, -118.37051)"
231,08/26/2015,02/29/2016,Built Up,"8829 N SHIRLEY AVE Los Angeles CA, 91324","(34.23074, -118.55806)"
232,08/26/2015,02/29/2016,Built Up,"8827 N SHIRLEY AVE Los Angeles CA, 91324","(34.23071, -118.55806)"
233,08/26/2015,02/29/2016,Built Up,"8801 N SHIRLEY AVE Los Angeles CA, 91324","(34.23003, -118.55811)"
234,08/28/2015,02/29/2016,Built Up,"8843 N SHIRLEY AVE Los Angeles CA, 91324","(34.23101, -118.55806)"
235,09/01/2015,10/31/2015,Built Up,"9811 N INDEPENDENCE AVE Los Angeles CA, 91311","(34.24844, -118.59093)"
236,09/03/2015,12/31/2015,Built Up,"21053 W DEVONSHIRE ST Los Angeles CA, 91311","(34.2574, -118.59253)"
237,09/23/2015,03/31/2016,Class A or B,"719 S CERES AVE Los Angeles CA, 90021","(34.03776, -118.24375)"
238,09/25/2015,03/31/2016,Class A or B,"12700 W BRADDOCK DR Los Angeles CA, 90066","(33.98583, -118.42469)"
239,09/25/2015,07/31/2016,Built Up,"13346 W SATICOY ST Los Angeles CA, 91605","(34.20798, -118.42412)"
240,10/02/2015,10/31/2015,Built Up,"4565 W ELECTRONICS PL Los Angeles CA, 90039","(34.14485, -118.27416)"
241,10/02/2015,07/31/2017,Built Up,"22817 S LOCKNESS AVE Los Angeles CA, 90501","(33.81854, -118.30718)"
242,10/07/2015,11/30/2016,Built Up,"3316 W SUNSET BLVD Los Angeles CA, 90026","(34.08681, -118.2757)"
243,10/07/2015,05/31/2017,Built Up,"21001 W NORDHOFF ST Los Angeles CA, 91311","(34.23562, -118.59125)"
244,10/07/2015,11/30/2015,Built Up,"2806 N CLEARWATER ST Los Angeles CA, 90039","(34.10729, -118.25317)"
245,10/13/2015,07/31/2016,Built Up,"7416 N VARNA AVE Los Angeles CA, 91605","(34.20529, -118.42458)"
246,10/19/2015,02/28/2017,Built Up,"7230 N FULTON AVE Los Angeles CA, 91605","(34.20202, -118.42241)"
247,10/20/2015,02/29/2016,Comp Shingle,"1310 N LIBERTY ST Los Angeles CA, 90026","(34.07896, -118.26113)"
248,10/20/2015,10/31/2015,Built Up,"13500 W VAN NUYS BLVD Los Angeles CA, 91331","(34.2621, -118.42727)"
249,10/20/2015,10/31/2016,Built Up,"18228 W PARTHENIA ST Los Angeles CA, 91325","(34.22854, -118.53075)"
250,10/22/2015,05/31/2017,Built Up,"9131 N INDEPENDENCE AVE Los Angeles CA, 91311","(34.23623, -118.59094)"
251,10/23/2015,09/30/2015,Comp Shingle,"573 S BOYLE AVE Los Angeles CA, 90033","(34.04034, -118.21997)"
252,10/26/2015,10/31/2016,Built Up,"1861 W GAGE AVE Los Angeles CA, 90047","(33.98197, -118.311)"
253,10/26/2015,04/30/2016,Built Up,"13327 W VENTURA BLVD Los Angeles CA, 91423","(34.1469, -118.42345)"
254,10/26/2015,04/30/2016,Built Up,"13325 W VENTURA BLVD Los Angeles CA, 91423","(34.1469, -118.4234)"
255,10/26/2015,06/30/2017,Built Up,"11335 W MAGNOLIA BLVD Los Angeles CA, 91601","(34.16504, -118.37847)"
256,10/26/2015,12/31/2015,Built Up,"7811 W MELROSE AVE Los Angeles CA, 90046","(34.08391, -118.35986)"
257,10/28/2015,07/31/2016,Built Up,"7412 N VARNA AVE Los Angeles CA, 91605","(34.20522, -118.42416)"
258,10/29/2015,01/31/2017,Built Up,"2901 S CENTRAL AVE Los Angeles CA, 90011","(34.01561, -118.25643)"
259,10/30/2015,03/31/2016,Built Up,"729 S WESTERN AVE Los Angeles CA, 90005","(34.05882, -118.30924)"
260,11/04/2015,09/30/2016,Built Up,"1581 W 259TH ST Los Angeles CA, 90710","(33.78829, -118.30407)"
261,11/06/2015,06/30/2017,Class A or B,"19630 S PACIFIC GATEWAY DR Los Angeles CA, 90502","(33.85299, -118.29513)"
262,11/06/2015,12/31/2016,Built Up,"4557 E YORK BLVD Los Angeles CA, 90041","(34.12352, -118.21671)"
263,11/10/2015,04/30/2016,Built Up,"7670 W FOOTHILL BLVD Los Angeles CA, 91042","(34.2561, -118.29988)"
264,11/12/2015,03/31/2016,Built Up,"10635 W RIVERSIDE DR Los Angeles CA, 91602","(34.15238, -118.36286)"
265,11/13/2015,01/31/2017,Comp Shingle,"10967 W WEYBURN AVE Los Angeles CA, 90024","(34.06238, -118.44766)"
266,11/16/2015,10/31/2015,Built Up,"939 N VIGNES ST Los Angeles CA, 90012","(34.05777, -118.23205)"
267,11/16/2015,10/31/2015,Built Up,"943 N VIGNES ST Los Angeles CA, 90012","(34.05782, -118.23206)"
268,11/20/2015,05/31/2017,Built Up,"11851 W VENTURA BLVD Los Angeles CA, 91604","(34.14271, -118.39042)"
269,11/23/2015,01/31/2016,Built Up,"929 W ACADEMY ROAD Los Angeles CA, 90012","(34.07988, -118.2369)"
270,11/27/2015,11/30/2015,Built Up,"2159 E BAY ST Los Angeles CA, 90021","(34.03156, -118.22794)"
271,11/30/2015,07/31/2017,Built Up,"210 W FLORENCE AVE Los Angeles CA, 90003","(33.97452, -118.27655)"
272,11/30/2015,08/31/2016,Built Up,"20601 W PLUMMER ST Los Angeles CA, 91311","(34.24289, -118.58239)"
273,12/01/2015,05/31/2017,Built Up,"5901 W VENICE BLVD Los Angeles CA, 90034","(34.04, -118.37016)"
274,12/02/2015,08/31/2016,Comp Shingle,"1355 S WESTWOOD BLVD Los Angeles CA, 90024","(34.05594, -118.44237)"
275,12/03/2015,12/31/2016,Built Up,"7004 N VAN NUYS BLVD Los Angeles CA, 91405","(34.19772, -118.44846)"
276,12/03/2015,12/31/2016,Built Up,"7004 N VAN NUYS BLVD Los Angeles CA, 91405","(34.19772, -118.44846)"
277,12/15/2015,10/31/2015,Comp Shingle,"18405 W SUPERIOR ST Los Angeles CA, 91325","(34.2465, -118.53496)"
278,12/16/2015,04/30/2016,Built Up,"5161 N LANKERSHIM BLVD Los Angeles CA, 91601","(34.16452, -118.37469)"
279,12/16/2015,04/30/2017,Built Up,"10960 W MOORPARK ST Los Angeles CA, 91602","(34.15023, -118.36985)"
280,12/18/2015,03/31/2016,Built Up,"6907 W MELROSE AVE Los Angeles CA, 90038","(34.08357, -118.34188)"
281,12/23/2015,01/31/2016,Built Up,"8670 W PICO BLVD Los Angeles CA, 90035","(34.05408, -118.38098)"
282,12/28/2015,07/31/2016,Built Up,"5909 W 3RD ST Los Angeles CA, 90036","(34.06967, -118.34904)"
283,12/31/2015,07/31/2017,Built Up,"401 E 58TH ST Los Angeles CA, 90011","(33.98994, -118.26716)"
284,01/14/2016,10/31/2017,Partial,"12030 W RIVERSIDE DR Los Angeles CA, 91607","(34.15745, -118.39535)"
285,01/15/2016,07/31/2016,Built Up,"5238 N VINELAND AVE Los Angeles CA, 91601","(34.166, -118.37015)"
286,01/19/2016,06/30/2017,Partial,"21338 W DUMETZ ROAD Los Angeles CA, 91364","(34.15726, -118.59569)"
287,01/21/2016,06/30/2017,Built Up,"4899 E HUNTINGTON DR Los Angeles CA, 90032","(34.08687, -118.17734)"
288,01/21/2016,10/31/2015,Built Up,"7712 S WESTERN AVE Los Angeles CA, 90047","(33.96964, -118.30879)"
289,01/21/2016,06/30/2017,Comp Shingle,"709 N GARDNER ST Los Angeles CA, 90046","(34.08398, -118.35336)"
290,01/28/2016,05/31/2017,Built Up,"708 E TRACTION AVE Los Angeles CA, 90013","(34.04542, -118.2363)"
291,02/02/2016,06/30/2017,Partial,"19951 W VENTURA BLVD Los Angeles CA, 91367","(34.17225, -118.56772)"
292,02/03/2016,02/29/2016,Built Up,"1005 E 14TH ST Los Angeles CA, 90021","(34.03001, -118.2497)"
293,02/05/2016,12/31/2015,Built Up,"1609 S LINCOLN BLVD Los Angeles CA, 90291","(33.99678, -118.45877)"
294,02/05/2016,12/31/2015,Built Up,"10859 W VENICE BLVD Los Angeles CA, 90034","(34.01695, -118.41068)"
295,02/06/2016,03/31/2016,Built Up,"3932 W WILSHIRE BLVD Los Angeles CA, 90010","(34.06153, -118.31244)"
296,02/11/2016,12/31/2016,Built Up,"4333 N WOODMAN AVE Los Angeles CA, 91423","(34.14902, -118.43143)"
297,02/11/2016,06/30/2017,Built Up,"951 N LA CIENEGA BLVD Los Angeles CA, 90069","(34.08834, -118.37657)"
298,02/12/2016,06/30/2016,Class A or B,"11734 W AVON WAY Los Angeles CA, 90066","(33.99813, -118.41672)"
299,02/12/2016,07/31/2016,Partial,"10431 W SANTA MONICA BLVD Los Angeles CA, 90024","(34.05707, -118.42519)"
300,02/15/2016,07/31/2016,Built Up,"13257 W SATICOY ST Los Angeles CA, 91605","(34.20821, -118.42168)"
301,02/16/2016,05/31/2016,Built Up,"14032 S VERMONT AVE Los Angeles CA, 90247","(33.90395, -118.29144)"
302,02/17/2016,03/31/2016,Comp Shingle,"11760 W GATEWAY BLVD Los Angeles CA, 90064","(34.02677, -118.44351)"
303,02/18/2016,02/29/2016,Built Up,"12401 W VENTURA BLVD Los Angeles CA, 91604","(34.14303, -118.40318)"
304,02/19/2016,02/29/2016,Built Up,"5260 N VINELAND AVE Los Angeles CA, 91601","(34.16673, -118.37016)"
305,02/20/2016,06/30/2017,Comp Shingle,"756 S ALVARADO ST Los Angeles CA, 90057","(34.055, -118.27756)"
306,02/23/2016,09/30/2015,Comp Shingle,"3837 W WILSHIRE BLVD Los Angeles CA, 90010","(34.06186, -118.31004)"
307,02/25/2016,10/31/2015,Built Up,"1541 W WILSHIRE BLVD Los Angeles CA, 90017","(34.05529, -118.26949)"
308,02/28/2016,02/28/2017,Built Up,"7601 N VINELAND AVE Los Angeles CA, 91352","(34.20857, -118.37053)"
309,03/01/2016,04/30/2016,Built Up,"13620 W SATICOY ST Los Angeles CA, 91402","(34.20928, -118.42912)"
310,03/03/2016,,Comp Shingle,"12131 W MAGNOLIA BLVD Los Angeles CA, 91607","(34.16502, -118.39762)"
311,03/08/2016,06/30/2016,Built Up,"14225 W VENTURA BLVD Los Angeles CA, 91423","(34.15019, -118.44308)"
312,03/14/2016,04/30/2018,Built Up,"4899 E HUNTINGTON DR Los Angeles CA, 90032","(34.08687, -118.17734)"
313,03/18/2016,03/31/2018,Built Up,"20101 W SHERMAN WAY Los Angeles CA, 91306","(34.20128, -118.57134)"
314,03/28/2016,11/30/2016,Built Up,"12550 W VAN NUYS BLVD Los Angeles CA, 91331","(34.27723, -118.4065)"
315,03/30/2016,06/30/2016,Comp Shingle,"17034 W PARTHENIA ST Los Angeles CA, 91325","(34.22835, -118.50378)"
316,03/31/2016,10/31/2016,Built Up,"4528 N SEPULVEDA BLVD Los Angeles CA, 91403","(34.1521, -118.46652)"
317,04/01/2016,01/31/2016,Built Up,"8701 S ST ANDREWS PL Los Angeles CA, 90047","(33.95975, -118.31141)"
318,04/04/2016,07/31/2017,Built Up,"1731 S OCEAN FRONT WALK Los Angeles CA, 90291","(33.98599, -118.4728)"
319,04/04/2016,02/28/2018,Built Up,"738 E 61ST ST Los Angeles CA, 90001","(33.9843, -118.26193)"
320,04/06/2016,02/28/2018,Built Up,"4001 S BROADWAY Los Angeles CA, 90037","(34.01071, -118.27854)"
321,04/11/2016,05/31/2017,Built Up,"1200 N VINE ST Los Angeles CA, 90038","(34.09276, -118.32644)"
322,04/13/2016,04/30/2018,Built Up,"402 N SOTO ST Los Angeles CA, 90033","(34.0478, -118.20696)"
323,04/18/2016,06/30/2016,Built Up,"1333 W PACIFIC COAST HWY Los Angeles CA, 90710","(33.78964, -118.30014)"
324,04/25/2016,05/31/2017,Comp Shingle,"9165 N WOODMAN AVE Los Angeles CA, 91331","(34.23682, -118.44184)"
325,04/28/2016,11/30/2015,Comp Shingle,"2159 E BAY ST Los Angeles CA, 90021","(34.03156, -118.22794)"
326,05/02/2016,01/31/2016,Built Up,"325 N NEPTUNE AVE Los Angeles CA, 90744","(33.77315, -118.26864)"
327,05/02/2016,02/28/2018,Built Up,"8751 N TAMPA AVE Los Angeles CA, 91324","(34.22967, -118.55376)"
328,05/09/2016,06/30/2016,Built Up,"4650 W SUNSET BLVD Los Angeles CA, 90027","(34.09787, -118.29063)"
329,05/16/2016,07/31/2017,Built Up,"900 E 62ND ST Los Angeles CA, 90001","(33.98315, -118.25869)"
330,05/23/2016,10/31/2017,Comp Shingle,"4705 S MAIN ST Los Angeles CA, 90037","(34.00082, -118.27423)"
331,05/27/2016,01/31/2018,Built Up,"5339 N COMERCIO WAY Los Angeles CA, 91364","(34.16681, -118.59596)"
332,05/31/2016,01/31/2016,Built Up,"6911 N TOPANGA CANYON BLVD Los Angeles CA, 91303","(34.19592, -118.6062)"
333,06/01/2016,01/31/2016,Built Up,"1501 E 41ST ST Los Angeles CA, 90011","(34.00873, -118.24735)"
334,06/01/2016,03/31/2017,Built Up,"22122 W VICTORY BLVD Los Angeles CA, 91367","(34.1863, -118.60916)"
335,06/01/2016,01/01/2017,UPDATE RESTROOM TO ADA REQ'T; REROOF & ATTACH RECREATION BUILDING WITH,"4370 N WINNETKA AVE Los Angeles CA, 91364","(34.1502, -118.57155)"
336,06/03/2016,05/31/2017,Built Up,"8427 W FOOTHILL BLVD Los Angeles CA, 91040","(34.25986, -118.31663)"
337,06/06/2016,12/31/2016,Built Up,"9936 N COMMERCE AVE Los Angeles CA, 91042","(34.24968, -118.28845)"
338,06/06/2016,07/31/2017,Built Up,"20351 W PRAIRIE ST Los Angeles CA, 91311","(34.23923, -118.57671)"
339,06/07/2016,09/30/2017,Built Up,"10115 N CANOGA AVE Los Angeles CA, 91311","(34.25413, -118.59748)"
340,06/08/2016,02/28/2017,Built Up,"6628 N VAN NUYS BLVD Los Angeles CA, 91405","(34.1915, -118.44844)"
341,06/13/2016,01/31/2016,Built Up,"560 N WESTERN AVE Los Angeles CA, 90732","(33.7478, -118.30907)"
342,06/21/2016,11/30/2016,Built Up,"1936 S PONTIUS AVE Los Angeles CA, 90025","(34.04334, -118.44126)"
343,06/23/2016,01/31/2016,Built Up,"5720 S 2ND AVE Los Angeles CA, 90043","(33.99083, -118.31908)"
344,06/24/2016,01/31/2016,Built Up,"8133 N VINELAND AVE Los Angeles CA, 91352","(34.21846, -118.37049)"
345,06/30/2016,06/30/2016,Built Up,"4265 S BROADWAY Los Angeles CA, 90037","(34.00608, -118.27856)"
346,07/13/2016,01/31/2018,Comp Shingle,"14401 W DICKENS ST Los Angeles CA, 91423","(34.14965, -118.44629)"
347,07/14/2016,11/30/2016,Built Up,"16649 W SHERMAN WAY Los Angeles CA, 91406","(34.20137, -118.49625)"
348,07/14/2016,05/31/2017,Built Up,"17300 W VENTURA BLVD Los Angeles CA, 91316","(34.16072, -118.5102)"
349,07/18/2016,09/30/2017,Built Up,"738 S ALAMEDA ST Los Angeles CA, 90021","(34.03271, -118.23638)"
350,07/22/2016,08/31/2017,Class A or B,"9710 N WHITE OAK AVE Los Angeles CA, 91325","(34.247, -118.51968)"
351,07/25/2016,12/31/2017,Built Up,"5435 N CAHUENGA BLVD Los Angeles CA, 91601","(34.16975, -118.36171)"
352,07/25/2016,12/31/2017,Built Up,"9846 N WHITE OAK AVE Los Angeles CA, 91325","(34.24989, -118.51966)"
353,07/26/2016,10/31/2017,Comp Shingle,"15444 W NORDHOFF ST Los Angeles CA, 91343","(34.23537, -118.46908)"
354,07/26/2016,10/31/2017,Comp Shingle,"15456 W NORDHOFF ST Los Angeles CA, 91343","(34.23537, -118.46924)"
355,08/01/2016,01/31/2018,Built Up,"14060 W ASTORIA ST Los Angeles CA, 91342","(34.31062, -118.43956)"
356,08/04/2016,03/31/2018,Built Up,"3341 S LA CIENEGA PL Los Angeles CA, 90016","(34.02751, -118.37546)"
357,08/08/2016,07/31/2017,Built Up,"3900 N STANSBURY AVE Los Angeles CA, 91423","(34.14084, -118.44264)"
358,08/15/2016,08/31/2016,Built Up,"5927 N KESTER AVE Los Angeles CA, 91411","(34.1784, -118.45765)"
359,08/15/2016,07/31/2016,Built Up,"10537 W SANTA MONICA BLVD Los Angeles CA, 90025","(34.05512, -118.42802)"
360,08/15/2016,08/31/2086,Class A or B,"22622 W VANOWEN ST Los Angeles CA, 91307","(34.19355, -118.61959)"
361,09/06/2016,06/30/2017,Built Up,"6331 N COLFAX AVE Los Angeles CA, 91606","(34.18577, -118.38797)"
362,09/08/2016,04/30/2017,Built Up,"7240 N MEDICAL CENTER DR Los Angeles CA, 91307","(34.20225, -118.62928)"
363,09/15/2016,04/30/2018,Comp Shingle,"18946 W VENTURA BLVD Los Angeles CA, 91356","(34.17228, -118.54626)"
364,09/19/2016,07/31/2016,Built Up,"6524 S 8TH AVE Los Angeles CA, 90043","(33.97999, -118.32634)"
365,09/27/2016,01/31/2017,Built Up,"7022 N VALJEAN AVE Los Angeles CA, 91406","(34.19819, -118.48571)"
366,10/06/2016,02/28/2018,Comp Shingle,"12107 W MOORPARK ST Los Angeles CA, 91604","(34.15051, -118.39692)"
367,10/07/2016,07/31/2017,Class A or B,"5350 W VENICE BLVD Los Angeles CA, 90019","(34.04408, -118.3567)"
368,10/11/2016,05/31/2017,Comp Shingle,"7323 S CRENSHAW BLVD Los Angeles CA, 90043","(33.97295, -118.33104)"
369,10/17/2016,07/31/2017,Built Up,"6020 N WOODMAN AVE Los Angeles CA, 91401","(34.18019, -118.43105)"
370,10/17/2016,10/31/2017,Comp Shingle,"3272 S MOTOR AVE Los Angeles CA, 90034","(34.02978, -118.41091)"
371,10/19/2016,12/31/2017,Built Up,"10600 N SEPULVEDA BLVD Los Angeles CA, 91345","(34.26279, -118.46696)"
372,10/21/2016,04/30/2018,Built Up,"1438 N GOWER ST Los Angeles CA, 90028","(34.09714, -118.32212)"
373,10/28/2016,10/31/2015,Built Up,"1931 S PONTIUS AVE Los Angeles CA, 90025","(34.04335, -118.44154)"
374,10/31/2016,07/31/2018,Built Up,"8144 N SUNLAND BLVD Los Angeles CA, 91352","(34.21836, -118.36943)"
375,11/02/2016,06/30/2018,Built Up,"22156 W SHERMAN WAY Los Angeles CA, 91303","(34.20074, -118.60998)"
376,11/07/2016,05/31/2017,Built Up,"6742 N VAN NUYS BLVD Los Angeles CA, 91405","(34.19342, -118.44845)"
377,11/11/2016,10/31/2017,Built Up,"715 N CYPRESS AVE Los Angeles CA, 90065","(34.09134, -118.22351)"
378,11/14/2016,05/31/2018,Built Up,"1659 S SAWTELLE BLVD Los Angeles CA, 90025","(34.04549, -118.44783)"
379,11/15/2016,10/31/2016,Built Up,"2850 N HYPERION AVE Los Angeles CA, 90027","(34.10877, -118.27134)"
380,11/18/2016,10/31/2017,Class A or B,"5773 W VENICE BLVD Los Angeles CA, 90019","(34.04302, -118.36453)"
381,11/23/2016,04/30/2018,Built Up,"1438 N GOWER ST Los Angeles CA, 90028","(34.09714, -118.32212)"
382,11/23/2016,10/31/2017,Built Up,"12030 W RIVERSIDE DR Los Angeles CA, 91607","(34.15745, -118.39535)"
383,11/28/2016,06/30/2017,Built Up,"7410 W BEVERLY BLVD Los Angeles CA, 90036","(34.07597, -118.35154)"
384,11/28/2016,06/30/2017,Built Up,"7412 W BEVERLY BLVD Los Angeles CA, 90036","(34.07597, -118.35162)"
385,11/29/2016,06/30/2018,Built Up,"4270 W WILSHIRE BLVD Los Angeles CA, 90010","(34.0616, -118.32099)"
386,11/30/2016,02/28/2018,Built Up,"4405 N LAUREL CANYON BLVD Los Angeles CA, 91607","(34.15065, -118.39667)"
387,11/30/2016,10/31/2017,Built Up,"4705 S MAIN ST Los Angeles CA, 90037","(34.00082, -118.27423)"
388,11/30/2016,05/31/2017,Built Up,"5851 S VERMONT AVE Los Angeles CA, 90044","(33.98816, -118.29164)"
389,12/01/2016,12/31/2017,Built Up,"17151 W VENTURA BLVD Los Angeles CA, 91316","(34.16067, -118.50724)"
390,12/06/2016,05/31/2018,Built Up,"4020 S PALOMA ST Los Angeles CA, 90011","(34.01037, -118.26181)"
391,12/08/2016,09/30/2018,Built Up,"1823 S SAWTELLE BLVD Los Angeles CA, 90025","(34.04324, -118.4458)"
392,12/09/2016,06/30/2017,Built Up,"2777 E WASHINGTON BLVD Los Angeles CA, 90023","(34.01746, -118.22062)"
393,12/12/2016,01/31/2017,Class A or B,"9960 N GLENOAKS BLVD Los Angeles CA, 91352","(34.25124, -118.38876)"
394,12/12/2016,01/31/2017,Class A or B,"9970 N GLENOAKS BLVD Los Angeles CA, 91352","(34.25141, -118.3889)"
395,12/12/2016,01/31/2017,Class A or B,"9990 N GLENOAKS BLVD Los Angeles CA, 91352",
396,12/12/2016,01/31/2017,Class A or B,"9980 N GLENOAKS BLVD Los Angeles CA, 91352","(34.25151, -118.38901)"
397,12/15/2016,02/28/2017,Comp Shingle,"5333 E ALHAMBRA AVE Los Angeles CA, 90032","(34.0759, -118.16977)"
398,12/26/2016,07/31/2017,Built Up,"3617 S CRENSHAW BLVD Los Angeles CA, 90016","(34.02342, -118.33529)"
399,01/03/2017,09/30/2017,Built Up,"15960 W BLYTHE ST Los Angeles CA, 91406","(34.21468, -118.48117)"
400,01/16/2017,07/31/2018,Built Up,"10651 W BURBANK BLVD Los Angeles CA, 91601","(34.17232, -118.36331)"
401,01/25/2017,03/31/2018,Built Up,"13690 W VAUGHN ST Los Angeles CA, 91340","(34.27532, -118.43095)"
402,01/25/2017,07/31/2017,Built Up,"7122 N GERALD AVE Los Angeles CA, 91406","(34.20007, -118.49339)"
403,01/30/2017,05/31/2018,Comp Shingle,"301 N GLENDALE BLVD Los Angeles CA, 90026","(34.06582, -118.26051)"
404,01/30/2017,05/31/2018,Comp Shingle,"343 N GLENDALE BLVD Los Angeles CA, 90026","(34.06663, -118.26074)"
405,02/10/2017,05/31/2017,Reroof for office building per Section 1510.4 of the LABC (approx. 65%,"13749 W RIVERSIDE DR Los Angeles CA, 91423","(34.15777, -118.43282)"
406,02/13/2017,06/30/2018,Built Up,"3185 E WASHINGTON BLVD Los Angeles CA, 90023","(34.01526, -118.21058)"
407,02/15/2017,06/30/2018,Comp Shingle,"500 E WATER ST Los Angeles CA, 90744","(33.76653, -118.25893)"
408,02/17/2017,03/31/2018,Built Up,"1836 N HYPERION AVE Los Angeles CA, 90027","(34.09685, -118.27569)"
409,02/21/2017,01/31/2018,Built Up,"8052 N VINELAND AVE Los Angeles CA, 91352","(34.21717, -118.37014)"
410,02/27/2017,04/30/2017,Built Up,"550 S MISSION ROAD Los Angeles CA, 90033","(34.0393, -118.2263)"
411,02/27/2017,01/31/2018,Built Up,"8052 N VINELAND AVE Los Angeles CA, 91352","(34.21717, -118.37014)"
412,02/28/2017,11/30/2017,Built Up,"8417 W MELROSE PL Los Angeles CA, 90069","(34.08377, -118.37373)"
413,02/28/2017,01/31/2018,"TEAR OFF, REROOF 21 SQUARES CLASS A OVER (E) SOLID SHEATHING. COOL ROO","133 W AVENUE 45 Los Angeles CA, 90065","(34.09657, -118.20819)"
414,03/01/2017,04/30/2017,Built Up,"9007 N LANKERSHIM BLVD Los Angeles CA, 91352","(34.23322, -118.38803)"
415,03/01/2017,10/31/2017,Comp Shingle,"11634 W MOORPARK ST Los Angeles CA, 91602","(34.15023, -118.38687)"
416,03/01/2017,06/30/2017,Built Up,"1321 S MAPLE AVE Los Angeles CA, 90015","(34.03407, -118.25784)"
417,03/02/2017,12/31/2017,Built Up,"1873 S WESTWOOD BLVD Los Angeles CA, 90025","(34.04841, -118.43585)"
418,03/03/2017,08/31/2017,Class A or B,"11940 W LINDBLADE ST Los Angeles CA, 90230","(33.99441, -118.41541)"
419,03/06/2017,10/31/2017,Built Up,"7360 W BEVERLY BLVD Los Angeles CA, 90036","(34.07597, -118.35026)"
420,03/09/2017,12/31/2017,Built Up,"7560 W MELROSE AVE Los Angeles CA, 90046","(34.08353, -118.35473)"
421,03/10/2017,03/31/2018,Class A or B,"1837 S FLOWER ST Los Angeles CA, 90015","(34.03443, -118.27063)"
422,03/10/2017,08/31/2018,Built Up,"1540 S CALZONA ST Los Angeles CA, 90023","(34.01455, -118.19633)"
423,03/10/2017,04/30/2017,Built Up,"9007 N LANKERSHIM BLVD Los Angeles CA, 91352","(34.23322, -118.38803)"
424,03/14/2017,10/31/2018,Built Up,"6731 N VARIEL AVE Los Angeles CA, 91303","(34.19295, -118.59307)"
425,03/15/2017,12/31/2018,Built Up,"16760 W SCHOENBORN ST Los Angeles CA, 91343","(34.2231, -118.49828)"
426,03/15/2017,02/28/2018,Built Up,"12765 W VAN NUYS BLVD Los Angeles CA, 91331","(34.27525, -118.41242)"
427,03/19/2017,03/31/2018,Built Up,"1050 N CAHUENGA BLVD Los Angeles CA, 90038","(34.09008, -118.32869)"
428,03/20/2017,10/31/2017,Comp Shingle,"9705 S HOLMES AVE Los Angeles CA, 90002","(33.94792, -118.24092)"
429,03/22/2017,02/28/2018,Built Up,"1117 N MCCADDEN PL Los Angeles CA, 90038","(34.09124, -118.33756)"
430,03/25/2017,04/30/2017,Built Up,"1954 N HILLHURST AVE Los Angeles CA, 90027","(34.10698, -118.28724)"
431,03/27/2017,06/30/2018,Built Up,"5801 S VERMONT AVE Los Angeles CA, 90044","(33.98936, -118.29167)"
432,03/28/2017,02/28/2018,Built Up,"13405 W VAN NUYS BLVD Los Angeles CA, 91331",
433,03/28/2017,06/30/2018,Built Up,"4196 S MARLTON AVE Los Angeles CA, 90008","(34.00862, -118.34247)"
434,03/29/2017,05/31/2018,Partial,"4550 N VAN NUYS BLVD Los Angeles CA, 91403","(34.15445, -118.4485)"
435,03/30/2017,01/31/2018,Class A or B,"555 W 9TH ST Los Angeles CA, 90731","(33.73582, -118.28911)"
436,04/03/2017,06/30/2017,Built Up,"16659 W ARMINTA ST Los Angeles CA, 91406","(34.215, -118.49667)"
437,04/10/2017,03/31/2017,Built Up,"9333 N OSO AVE Los Angeles CA, 91311","(34.24018, -118.57555)"
438,04/10/2017,08/31/2018,Built Up,"726 N COLE AVE Los Angeles CA, 90038","(34.08428, -118.32968)"
439,04/13/2017,09/30/2018,Built Up,"2541 S BARRINGTON AVE Los Angeles CA, 90064","(34.02786, -118.44298)"
440,04/18/2017,05/31/2018,Built Up,"3857 S WESTERN AVE Los Angeles CA, 90062","(34.01571, -118.30906)"
441,04/21/2017,11/30/2017,Class A or B,"444 S FLOWER ST Los Angeles CA, 90071","(34.05189, -118.25546)"
442,04/24/2017,01/31/2018,Built Up,"5119 W HOLLYWOOD BLVD Los Angeles CA, 90027","(34.10189, -118.30133)"
443,04/26/2017,06/30/2017,Built Up,"16540 W ARMINTA ST Los Angeles CA, 91406","(34.21472, -118.4936)"
444,04/26/2017,12/31/2017,"Reroof (e) warehouse building. No plans, express permit.","12411 W OLYMPIC BLVD Los Angeles CA, 90064","(34.03168, -118.45857)"
445,04/27/2017,06/30/2018,Built Up,"10542 W BURBANK BLVD Los Angeles CA, 91601","(34.17202, -118.36086)"
446,05/01/2017,07/31/2017,Built Up,"8162 W MELROSE AVE Los Angeles CA, 90046","(34.08358, -118.36736)"
447,05/04/2017,06/30/2017,Built Up,"1804 S LINCOLN BLVD Los Angeles CA, 90291","(33.99641, -118.4572)"
448,05/05/2017,10/31/2017,Built Up,"1 S LMU DR Los Angeles CA, 90045","(33.96577, -118.42406)"
449,05/10/2017,05/31/2017,Built Up,"959 N COLE AVE Los Angeles CA, 90038","(34.08875, -118.33005)"
450,05/15/2017,10/31/2017,Built Up,"4813 W WASHINGTON BLVD Los Angeles CA, 90016","(34.03999, -118.34411)"
451,05/15/2017,06/30/2017,Built Up,"16604 W ARMINTA ST Los Angeles CA, 91406","(34.21474, -118.49474)"
452,05/15/2017,01/31/2019,Built Up,"14344 W SHERMAN WAY Los Angeles CA, 91405","(34.20103, -118.44591)"
453,05/15/2017,01/31/2019,Comp Shingle,"14344 W SHERMAN WAY Los Angeles CA, 91405","(34.20103, -118.44591)"
454,05/23/2017,01/31/2019,Built Up,"11101 S MAIN ST Los Angeles CA, 90061","(33.93465, -118.27404)"
455,05/24/2017,04/30/2018,Built Up,"18706 W HATTERAS ST Los Angeles CA, 91356","(34.17702, -118.54111)"
456,05/25/2017,05/31/2018,Built Up,"8350 N VAN NUYS BLVD Los Angeles CA, 91402","(34.22311, -118.44855)"
457,05/25/2017,07/31/2017,Built Up,"2007 W GAGE AVE Los Angeles CA, 90047","(33.98196, -118.31394)"
458,05/25/2017,12/31/2017,Built Up,"21857 W VENTURA BLVD Los Angeles CA, 91364","(34.1686, -118.60359)"
459,05/30/2017,04/30/2018,Built Up,"10532 W BURBANK BLVD Los Angeles CA, 91601","(34.17201, -118.36066)"
460,05/31/2017,04/30/2018,Comp Shingle,"10158 N JOHANNA AVE Los Angeles CA, 91040","(34.255, -118.34451)"
461,06/01/2017,01/31/2018,Class A or B,"1919 S PACIFIC AVE Los Angeles CA, 90731",
462,06/02/2017,05/31/2018,Built Up,"3875 S CRENSHAW BLVD Los Angeles CA, 90008","(34.01513, -118.33546)"
463,06/02/2017,06/30/2017,Built Up,"2738 N HYPERION AVE Los Angeles CA, 90027","(34.10767, -118.27179)"
464,06/05/2017,05/31/2017,Built Up,"9604 N VARIEL AVE Los Angeles CA, 91311","(34.24532, -118.59268)"
465,06/06/2017,10/31/2017,Built Up,"12800 W RIVERSIDE DR Los Angeles CA, 91607","(34.15745, -118.41161)"
466,06/06/2017,06/30/2017,Built Up,"5248 W ADAMS BLVD Los Angeles CA, 90016","(34.03229, -118.3573)"
467,06/08/2017,07/31/2017,Built Up,"10320 N RESEDA BLVD Los Angeles CA, 91326","(34.2579, -118.53585)"
468,06/09/2017,10/31/2017,Class A or B,"10122 S COMPTON AVE Los Angeles CA, 90002","(33.94462, -118.24605)"
469,06/14/2017,06/30/2017,Built Up,"16615 W ARMINTA ST Los Angeles CA, 91406","(34.21497, -118.49515)"
470,06/14/2017,06/30/2017,Built Up,"16625 W ARMINTA ST Los Angeles CA, 91406","(34.21497, -118.49561)"
471,06/15/2017,03/31/2017,Built Up,"9315 N OSO AVE Los Angeles CA, 91311","(34.23964, -118.57556)"
472,06/19/2017,04/30/2017,Comp Shingle,"10761 W PICO BLVD Los Angeles CA, 90064","(34.04108, -118.42686)"
473,06/26/2017,01/31/2018,REROOF (E) CHURCH /SUNDAY SCHOOL PER ENGINEER DETAILS,"9244 N ZELZAH AVE Los Angeles CA, 91325","(34.23865, -118.52301)"
474,06/28/2017,05/31/2019,REROOF USING EXISTING SHEATHING  #18SQS / # 1 STORY AT NORTH OFFICE BU,"3911 S FIGUEROA ST Los Angeles CA, 90037","(34.01366, -118.28294)"
475,06/28/2017,05/31/2019,REROOF USING EXISTING SHEATHING  # 12 SQS/ # 1STORY AT POLICE  STATION,"3911 S FIGUEROA ST Los Angeles CA, 90037","(34.01366, -118.28294)"
476,07/03/2017,04/30/2018,Comp Shingle,"7500 N DE SOTO AVE Los Angeles CA, 91303","(34.20666, -118.58826)"
477,07/03/2017,08/31/2018,Built Up,"214 S LINCOLN BLVD Los Angeles CA, 90291","(34.00166, -118.46812)"
478,07/05/2017,07/31/2017,Built Up,"20211 W PRAIRIE ST Los Angeles CA, 91311","(34.23931, -118.57318)"
479,07/05/2017,10/31/2018,Comp Shingle,"5750 S MESMER AVE Los Angeles CA, 90230","(33.98373, -118.39868)"
480,07/05/2017,10/31/2018,Comp Shingle,"5750 S MESMER AVE Los Angeles CA, 90230","(33.98373, -118.39868)"
481,07/06/2017,12/31/2017,Built Up,"9167 N RESEDA BLVD Los Angeles CA, 91324","(34.2369, -118.53634)"
482,07/11/2017,06/30/2017,Built Up,"4865 W WASHINGTON BLVD Los Angeles CA, 90016","(34.04021, -118.34581)"
483,07/12/2017,09/30/2017,Built Up,"742 S ALAMEDA ST Los Angeles CA, 90021","(34.03262, -118.23553)"
484,07/14/2017,07/31/2017,Built Up,"6052 S NORMANDIE AVE Los Angeles CA, 90044","(33.98482, -118.30008)"
485,07/17/2017,07/31/2017,Built Up,"6809 S STANFORD AVE Los Angeles CA, 90001","(33.97747, -118.2631)"
486,07/18/2017,03/31/2018,Built Up,"624 S GRAND AVE Los Angeles CA, 90017","(34.04802, -118.25572)"
487,07/20/2017,03/31/2018,Built Up,"973 E 31ST ST Los Angeles CA, 90011","(34.01515, -118.25769)"
488,07/26/2017,10/31/2018,Built Up,"2218 S BARRY AVE Los Angeles CA, 90064","(34.03434, -118.44634)"
489,07/26/2017,12/31/2017,Built Up,"1536 W SLAUSON AVE Los Angeles CA, 90047","(33.989, -118.30383)"
490,08/08/2017,04/30/2018,Built Up,"16200 W VENTURA BLVD Los Angeles CA, 91436","(34.15647, -118.48571)"
491,08/08/2017,01/31/2019,Class A or B,"130 S ALVARADO ST Los Angeles CA, 90057","(34.06574, -118.27071)"
492,08/10/2017,05/31/2017,Built Up,"725 S ALVARADO ST Los Angeles CA, 90057","(34.05581, -118.27741)"
493,08/10/2017,05/31/2017,Built Up,"5110 W SUNSET BLVD Los Angeles CA, 90027","(34.09796, -118.30099)"
494,08/10/2017,04/30/2017,Built Up,"15945 W VENTURA BLVD Los Angeles CA, 91436","(34.15624, -118.48082)"
495,08/11/2017,08/31/2018,Built Up,"1330 E MAURETANIA ST Los Angeles CA, 90744","(33.79012, -118.24689)"
496,08/14/2017,02/28/2018,Built Up,"12755 W VAN NUYS BLVD Los Angeles CA, 91331","(34.27575, -118.41171)"
497,08/16/2017,05/31/2017,Built Up,"15216 W VANOWEN ST Los Angeles CA, 91405","(34.19371, -118.46427)"
498,08/16/2017,11/30/2018,Built Up,"11565 N LAUREL CANYON BLVD Los Angeles CA, 91340","(34.27986, -118.45503)"
499,08/18/2017,12/31/2017,Class A or B,"831 W 9TH ST Los Angeles CA, 90731",
500,08/20/2017,04/30/2018,Built Up,"10000 N COMMERCE AVE Los Angeles CA, 91042","(34.25036, -118.28843)"
501,08/25/2017,03/31/2018,Class A or B,"2003 W JEFFERSON BLVD Los Angeles CA, 90018","(34.02567, -118.31537)"
502,08/28/2017,02/28/2017,Built Up,"6756 N TAMPA AVE Los Angeles CA, 91335","(34.19332, -118.55325)"
503,08/28/2017,05/31/2017,Built Up,"14226 W VENTURA BLVD Los Angeles CA, 91423","(34.14977, -118.44286)"
504,08/29/2017,06/30/2017,Built Up,"17614 W VENTURA BLVD Los Angeles CA, 91316","(34.16179, -118.51676)"
505,09/11/2017,10/31/2017,Built Up,"439 N FAIRFAX AVE Los Angeles CA, 90036","(34.07934, -118.36161)"
506,09/21/2017,11/30/2018,Built Up,"700 WORLD WAY Los Angeles CA, 90045","(33.94286, -118.39982)"
507,09/22/2017,01/31/2018,Built Up,"830 E WASHINGTON BLVD Los Angeles CA, 90021","(34.02587, -118.25412)"
508,09/24/2017,08/31/2018,Built Up,"8656 N RESEDA BLVD Los Angeles CA, 91324","(34.22776, -118.53587)"
509,09/27/2017,01/31/2018,Built Up,"8831 W VENICE BLVD Los Angeles CA, 90034","(34.03083, -118.38619)"
510,10/05/2017,07/31/2017,Built Up,"8338 W 3RD ST Los Angeles CA, 90048","(34.07268, -118.37138)"
511,10/06/2017,10/31/2018,Built Up,"6115 N FALLBROOK AVE Los Angeles CA, 91367","(34.18146, -118.62359)"
512,10/10/2017,03/31/2018,Built Up,"5458 E ALHAMBRA AVE Los Angeles CA, 90032","(34.07813, -118.16647)"
513,10/11/2017,12/31/2018,Built Up,"12448 W BRADDOCK DR Los Angeles CA, 90066","(33.98877, -118.41951)"
514,10/12/2017,01/31/2018,Built Up,"1722 S WESTWOOD BLVD Los Angeles CA, 90024","(34.05135, -118.43811)"
515,10/15/2017,08/31/2018,Built Up,"8660 N RESEDA BLVD Los Angeles CA, 91324","(34.22789, -118.53587)"
516,10/17/2017,07/31/2017,Built Up,"826 E 62ND ST Los Angeles CA, 90001","(33.98313, -118.2601)"
517,10/23/2017,01/31/2019,Built Up,"6800 S AVALON BLVD Los Angeles CA, 90003","(33.97824, -118.26497)"
518,10/23/2017,10/31/2018,Built Up,"7625 S CRENSHAW BLVD Los Angeles CA, 90043","(33.97015, -118.33105)"
519,10/26/2017,07/31/2018,Built Up,"3300 S OVERLAND AVE Los Angeles CA, 90034","(34.02736, -118.4134)"
520,10/27/2017,10/31/2017,Comp Shingle,"4950 W SANTA MONICA BLVD Los Angeles CA, 90029","(34.09069, -118.29755)"
521,11/02/2017,02/28/2018,Built Up,"314 W 58TH ST Los Angeles CA, 90037","(33.98964, -118.27898)"
522,11/02/2017,02/28/2018,Built Up,"326 W 58TH ST Los Angeles CA, 90037","(33.98958, -118.27935)"
523,11/02/2017,02/28/2018,Built Up,"5801 S BROADWAY Los Angeles CA, 90003","(33.98954, -118.27849)"
524,11/02/2017,02/28/2018,Built Up,"2014 W 62ND ST Los Angeles CA, 90047","(33.98325, -118.31408)"
525,11/03/2017,04/30/2019,Built Up,"1153 N CYPRESS AVE Los Angeles CA, 90065","(34.09487, -118.22707)"
526,11/03/2017,03/31/2018,Built Up,"4900 N LANKERSHIM BLVD Los Angeles CA, 91601","(34.16021, -118.37161)"
527,11/05/2017,08/31/2018,Built Up,"8650 N RESEDA BLVD Los Angeles CA, 91324","(34.22762, -118.53587)"
528,11/06/2017,11/30/2018,Comp Shingle,"601 E 23RD ST Los Angeles CA, 90011","(34.02502, -118.26166)"
529,11/07/2017,10/31/2018,Built Up,"449 W IMPERIAL HWY Los Angeles CA, 90061","(33.93118, -118.28213)"
530,11/08/2017,11/30/2015,Built Up,"10925 W KINROSS AVE Los Angeles CA, 90024","(34.06062, -118.44628)"
531,11/08/2017,11/30/2015,Built Up,"10955 W KINROSS AVE Los Angeles CA, 90024","(34.0602, -118.4468)"
532,11/13/2017,05/31/2017,Built Up,"7326 S BROADWAY Los Angeles CA, 90003","(33.97294, -118.2781)"
533,11/14/2017,10/31/2017,Built Up,"1522 W 12TH ST Los Angeles CA, 90015","(34.04561, -118.27511)"
534,11/22/2017,03/31/2018,Built Up,"1390 W 186TH ST Los Angeles CA, 90248","(33.86183, -118.29876)"
535,11/27/2017,12/31/2018,Built Up,"13701 W VENTURA BLVD Los Angeles CA, 91423","(34.14822, -118.4314)"
536,11/28/2017,11/30/2018,Comp Shingle,"1123 W 85TH ST Los Angeles CA, 90044","(33.96105, -118.29481)"
537,11/30/2017,10/31/2018,Built Up,"20455 W DEVONSHIRE ST Los Angeles CA, 91311","(34.25742, -118.57921)"
538,12/01/2017,04/30/2017,Comp Shingle,"2100 N ECHO PARK AVE Los Angeles CA, 90026","(34.0895, -118.24984)"
539,12/04/2017,02/28/2018,Built Up,"13039 N GLENOAKS BLVD Los Angeles CA, 91342","(34.30719, -118.44966)"
540,12/06/2017,04/30/2018,Comp Shingle,"911 S BROXTON AVE Los Angeles CA, 90024","(34.06335, -118.44726)"
541,12/06/2017,03/31/2018,Built Up,"1301 S WESTWOOD BLVD Los Angeles CA, 90024","(34.0568, -118.44293)"
542,12/07/2017,07/31/2018,Built Up,"11176 N BRADLEY AVE Los Angeles CA, 91331","(34.27323, -118.42266)"
543,12/11/2017,12/31/2017,Built Up,"404 S LINCOLN BLVD Los Angeles CA, 90291","(34.00081, -118.46632)"
544,12/12/2017,08/31/2018,Built Up,"3966 W 6TH ST Los Angeles CA, 90020","(34.06338, -118.30975)"
545,12/15/2017,06/30/2018,Comp Shingle,"16117 W COVELLO ST Los Angeles CA, 91406","(34.20764, -118.48425)"
546,12/26/2017,07/31/2018,Built Up,"9330 N DE SOTO AVE Los Angeles CA, 91311","(34.23961, -118.58822)"
547,01/03/2018,05/31/2017,Built Up,"5317 N TOPANGA CANYON BLVD Los Angeles CA, 91364","(34.16647, -118.60613)"
548,01/04/2018,11/30/2018,Built Up,"1841 N WESTERN AVE Los Angeles CA, 90027","(34.10471, -118.30945)"
549,01/09/2018,03/31/2017,Built Up,"1014 W VENICE BLVD Los Angeles CA, 90015","(34.04082, -118.27801)"
550,01/10/2018,06/30/2017,Built Up,"4907 W WASHINGTON BLVD Los Angeles CA, 90016","(34.04038, -118.34664)"
551,01/10/2018,04/30/2018,Built Up,"7144 N RESEDA BLVD Los Angeles CA, 91335","(34.20064, -118.53586)"
552,01/12/2018,07/31/2018,Class A or B,"944 N WESTERN AVE Los Angeles CA, 90732",
553,01/14/2018,03/31/2018,Comp Shingle,"10916 W RIVERSIDE DR Los Angeles CA, 91602","(34.1521, -118.36866)"
554,01/14/2018,01/31/2018,Comp Shingle,"7156 W VALMONT ST Los Angeles CA, 91042","(34.25219, -118.2878)"
555,01/14/2018,01/31/2018,Built Up,"17801 W VENTURA BLVD Los Angeles CA, 91316","(34.16317, -118.52051)"
556,01/15/2018,01/31/2018,Built Up,"300 N MARTEL AVE Los Angeles CA, 90036","(34.07647, -118.35095)"
557,01/25/2018,09/30/2018,Class A or B,"1224 S SOTO ST Los Angeles CA, 90023","(34.02732, -118.21934)"
558,01/30/2018,03/31/2018,Built Up,"5410 W WASHINGTON BLVD Los Angeles CA, 90016","(34.03864, -118.36083)"
559,01/30/2018,04/30/2018,Built Up,"9750 N TOPANGA CANYON BLVD Los Angeles CA, 91311","(34.24735, -118.60636)"
560,01/30/2018,07/31/2017,Built Up,"20211 W PRAIRIE ST Los Angeles CA, 91311","(34.23931, -118.57318)"
561,02/07/2018,01/31/2018,Built Up,"17801 W VENTURA BLVD Los Angeles CA, 91316","(34.16317, -118.52051)"
562,02/12/2018,02/28/2018,Comp Shingle,"2444 W WASHINGTON BLVD Los Angeles CA, 90018","(34.03971, -118.31601)"
563,02/13/2018,07/31/2017,Built Up,"464 S MAIN ST Los Angeles CA, 90013","(34.04674, -118.24827)"
564,02/14/2018,08/31/2018,Built Up,"23022 W VICTORY BLVD Los Angeles CA, 91367","(34.18623, -118.62856)"
565,02/20/2018,06/30/2019,Built Up,"4375 S GLENCOE AVE Los Angeles CA, 90292","(33.98565, -118.43823)"
566,02/20/2018,06/30/2019,Built Up,"13155 W MINDANAO WAY Los Angeles CA, 90292","(33.98509, -118.43769)"
567,02/27/2018,04/30/2018,Built Up,"3637 N CAHUENGA BLVD Los Angeles CA, 90068","(34.13455, -118.36054)"
568,03/05/2018,10/31/2017,Built Up,"4801 W EXPOSITION BLVD Los Angeles CA, 90016","(34.02444, -118.34857)"
569,03/05/2018,06/30/2018,Built Up,"9635 N LAUREL CANYON BLVD Los Angeles CA, 91331","(34.24458, -118.41744)"
570,03/09/2018,04/30/2018,Class A or B,"22707 W VICTORY BLVD Los Angeles CA, 91307",
571,03/09/2018,02/28/2019,Class A or B,"16940 W DEVONSHIRE ST Los Angeles CA, 91344","(34.25735, -118.50161)"
572,03/14/2018,05/31/2018,Built Up,"7330 N FIGUEROA ST Los Angeles CA, 90041","(34.13696, -118.1878)"
573,03/15/2018,01/31/2019,Built Up,"1925 W WILSHIRE BLVD Los Angeles CA, 90057","(34.0574, -118.27431)"
574,03/22/2018,07/31/2017,Built Up,"846 N WATSON AVE Los Angeles CA, 90744","(33.78204, -118.24739)"
575,03/23/2018,06/30/2018,Built Up,"7606 N FALLBROOK AVE Los Angeles CA, 91304","(34.20847, -118.6232)"
576,03/23/2018,07/31/2016,Built Up,"1439 W COLORADO BLVD Los Angeles CA, 90041","(34.13965, -118.19563)"
577,03/25/2018,08/31/2018,Built Up,"1600 E OLYMPIC BLVD Los Angeles CA, 90021","(34.02985, -118.24186)"
578,03/29/2018,12/31/2017,Built Up,"7255 N RADFORD AVE Los Angeles CA, 91605","(34.20256, -118.39228)"
579,03/30/2018,10/31/2019,Built Up,"1311 N HARVARD BLVD Los Angeles CA, 90027","(34.09538, -118.30443)"
580,03/30/2018,05/31/2017,Built Up,"5161 N VAN NUYS BLVD Los Angeles CA, 91403","(34.16462, -118.4489)"
581,04/03/2018,12/31/2017,Built Up,"7222 N VAN NUYS BLVD Los Angeles CA, 91405","(34.20187, -118.44851)"
582,04/05/2018,08/31/2018,Class A or B,"15176 W RAYMER ST Los Angeles CA, 91405","(34.21406, -118.46388)"
583,04/06/2018,05/31/2017,Built Up,"14429 W CHASE ST Los Angeles CA, 91402","(34.22491, -118.4479)"
584,04/06/2018,03/31/2019,Comp Shingle,"16108 W COVELLO ST Los Angeles CA, 91406","(34.20742, -118.48417)"
585,04/07/2018,03/31/2018,Built Up,"1801 E 50TH ST Los Angeles CA, 90058","(33.99812, -118.24177)"
586,04/12/2018,05/31/2018,Class A or B,"1388 S WESTWOOD BLVD Los Angeles CA, 90024","(34.05555, -118.44169)"
587,04/12/2018,10/31/2018,Built Up,"5673 N WHITNALL HWY Los Angeles CA, 91601","(34.17388, -118.35976)"
588,04/16/2018,11/30/2016,Built Up,"12122 W VANOWEN ST Los Angeles CA, 91605","(34.19379, -118.39731)"
589,04/17/2018,08/31/2018,Built Up,"6060 W HOLLYWOOD BLVD Los Angeles CA, 90028","(34.10148, -118.32207)"
590,04/18/2018,02/28/2019,REROOF 533 SQUARES WITH CLAS 'A' OR 'B' MATERIAL WEIGHING LESS THAN 6,"22915 W VICTORY BLVD Los Angeles CA, 91307","(34.1866, -118.62549)"
591,04/24/2018,07/31/2017,Built Up,"1845 W SAN FERNANDO ROAD Los Angeles CA, 90065","(34.10025, -118.23521)"
592,04/26/2018,03/31/2018,Built Up,"20447 W NORDHOFF ST Los Angeles CA, 91311","(34.232, -118.57917)"
593,04/26/2018,03/31/2018,Built Up,"8938 N MASON AVE Los Angeles CA, 91311","(34.2333, -118.57961)"
594,04/26/2018,10/31/2017,Built Up,"1 S LMU DR Los Angeles CA, 90045","(33.96577, -118.42406)"
595,05/07/2018,06/30/2017,Built Up,"7415 W MELROSE AVE Los Angeles CA, 90046","(34.08373, -118.35162)"
596,05/07/2018,11/30/2017,Built Up,"3317 W EXPOSITION PL Los Angeles CA, 90018","(34.02152, -118.33233)"
597,05/07/2018,12/31/2017,Built Up,"9111 N CORBIN AVE Los Angeles CA, 91324","(34.23591, -118.56269)"
598,05/09/2018,06/30/2018,Comp Shingle,"11439 N ENCINO AVE Los Angeles CA, 91344","(34.27848, -118.51547)"
599,05/16/2018,04/30/2018,Comp Shingle,"3430 W SUNSET BLVD Los Angeles CA, 90026","(34.08821, -118.27637)"
600,05/23/2018,07/31/2017,Comp Shingle,"25401 S WESTERN AVE Los Angeles CA, 90717","(33.7936, -118.30778)"
601,05/23/2018,10/31/2019,Built Up,"7017 N CANOGA AVE Los Angeles CA, 91303","(34.1979, -118.5979)"
602,05/24/2018,02/28/2019,Class A or B,"2416 E HUNTER ST Los Angeles CA, 90021","(34.02751, -118.2291)"
603,05/31/2018,03/31/2018,Built Up,"11950 W FOOTHILL BLVD Los Angeles CA, 91342","(34.2757, -118.3967)"
604,06/01/2018,11/30/2017,Built Up,"2030 E SACRAMENTO ST Los Angeles CA, 90021","(34.03042, -118.23108)"
605,06/05/2018,02/28/2019,Class A or B,"17250 W SATICOY ST Los Angeles CA, 91406","(34.20822, -118.50895)"
606,06/07/2018,02/28/2019,Class A or B,"14440 W BURBANK BLVD Los Angeles CA, 91401","(34.17189, -118.44778)"
607,06/07/2018,10/31/2017,Built Up,"1039 N NORTH BROADWAY Los Angeles CA, 90012","(34.06776, -118.23523)"
608,06/08/2018,06/30/2017,Built Up,"7930 N MASON AVE Los Angeles CA, 91306","(34.21478, -118.57959)"
609,06/14/2018,01/31/2018,Built Up,"1371 S WESTWOOD BLVD Los Angeles CA, 90024","(34.0557, -118.44223)"
610,06/15/2018,05/31/2018,Built Up,"1157 N MCCADDEN PL Los Angeles CA, 90038","(34.09239, -118.33757)"
611,06/20/2018,09/30/2019,Reroof portion of (E) building. Disabled Access upgrades as shown on p,"10957 S CENTRAL AVE Los Angeles CA, 90059","(33.93558, -118.2544)"
612,06/21/2018,11/30/2018,Comp Shingle,"729 N LA CIENEGA BLVD Los Angeles CA, 90069","(34.08445, -118.3767)"
613,06/25/2018,09/30/2017,Built Up,"742 S ALAMEDA ST Los Angeles CA, 90021","(34.03262, -118.23553)"
614,06/26/2018,03/31/2018,Built Up,"19780 S PACIFIC GATEWAY DR Los Angeles CA, 90502","(33.85141, -118.29512)"
615,06/28/2018,03/31/2018,Built Up,"1779 S WESTWOOD BLVD Los Angeles CA, 90024","(34.05042, -118.4378)"
616,07/05/2018,10/31/2019,Built Up,"565 N LARCHMONT BLVD Los Angeles CA, 90004","(34.08087, -118.32383)"
617,07/05/2018,01/31/2018,Built Up,"18626 S WESTERN AVE Los Angeles CA, 90248","(33.86124, -118.30895)"
618,07/09/2018,06/30/2018,Built Up,"2005 W MERTON AVE Los Angeles CA, 90041","(34.13826, -118.21178)"
619,07/10/2018,10/31/2018,REROOF (E) OFFICE BUILDING,"3880 E SAN RAFAEL AVE Los Angeles CA, 90065","(34.10212, -118.21724)"
620,07/16/2018,02/28/2018,Built Up,"15516 W NORDHOFF ST Los Angeles CA, 91343","(34.23538, -118.47039)"
621,07/17/2018,08/31/2018,Built Up,"10834 W BURBANK BLVD Los Angeles CA, 91601","(34.17199, -118.36711)"
622,07/19/2018,02/28/2018,Built Up,"1041 N MANSFIELD AVE Los Angeles CA, 90038","(34.09016, -118.34057)"
623,07/19/2018,02/28/2019,Class A or B,"20515 W DEVONSHIRE ST Los Angeles CA, 91311","(34.25741, -118.58032)"
624,07/20/2018,07/31/2018,Comp Shingle,"932 W 85TH ST Los Angeles CA, 90044","(33.96112, -118.29025)"
625,07/23/2018,05/31/2018,Built Up,"7500 N VALJEAN AVE Los Angeles CA, 91406","(34.20683, -118.48575)"
626,07/24/2018,05/31/2017,Built Up,"8551 W VENICE BLVD Los Angeles CA, 90034","(34.03503, -118.37883)"
627,07/27/2018,05/31/2017,Built Up,"5619 N LINDLEY AVE Los Angeles CA, 91356","(34.17299, -118.52746)"
628,07/27/2018,09/30/2018,Class A or B,"7500 N CHAMINADE AVE Los Angeles CA, 91304","(34.20673, -118.63673)"
629,07/31/2018,01/31/2018,Comp Shingle,"7955 N LINDLEY AVE Los Angeles CA, 91335","(34.21534, -118.52753)"
630,08/03/2018,05/31/2017,Built Up,"14402 W VENTURA BLVD Los Angeles CA, 91423","(34.15031, -118.44611)"
631,08/09/2018,09/30/2018,Built Up,"5547 N CLEON AVE Los Angeles CA, 91601","(34.17164, -118.36873)"
632,08/15/2018,10/31/2019,Comp Shingle,"10921 W CHANDLER BLVD Los Angeles CA, 91601","(34.16876, -118.3688)"
633,08/15/2018,11/30/2018,Built Up,"3187 N GLENDALE BLVD Los Angeles CA, 90039","(34.11782, -118.26148)"
634,08/17/2018,10/31/2017,Comp Shingle,"2216 W FARGO ST Los Angeles CA, 90039","(34.09206, -118.25934)"
635,08/21/2018,05/31/2019,Class A or B,"9301 N MASON AVE Los Angeles CA, 91311","(34.23969, -118.57999)"
636,08/22/2018,04/30/2019,Built Up,"2301 W BELLEVUE AVE Los Angeles CA, 90026","(34.07417, -118.26931)"
637,08/27/2018,03/31/2019,"VOLUNTARY SEISMIC RETROFIT AND REROOF. UPGRADE PATH OF TRAVEL, RAMPS,","15648 W ROXFORD ST Los Angeles CA, 91342","(34.31052, -118.47222)"
638,08/29/2018,04/30/2018,Built Up,"1040 N LAS PALMAS AVE Los Angeles CA, 90038","(34.09003, -118.33615)"
639,08/29/2018,03/31/2019,Class A or B,"10556 W KESWICK ST Los Angeles CA, 91352","(34.21037, -118.36166)"
640,08/30/2018,09/30/2019,Class A or B,"1006 N WESTERN AVE Los Angeles CA, 90732",
641,09/04/2018,04/30/2018,Built Up,"1271 W JEFFERSON BLVD Los Angeles CA, 90007","(34.02564, -118.29385)"
642,09/11/2018,04/30/2019,Built Up,"2301 W BELLEVUE AVE Los Angeles CA, 90026","(34.07417, -118.26931)"
643,09/17/2018,12/31/2017,Built Up,"9667 N RESEDA BLVD Los Angeles CA, 91324","(34.24627, -118.5363)"
644,09/21/2018,07/31/2017,Built Up,"4161 S MAIN ST Los Angeles CA, 90037","(34.00781, -118.27418)"
645,09/27/2018,02/28/2019,Class A or B,"1330 S BOYLE AVE Los Angeles CA, 90023","(34.02545, -118.2208)"
646,09/27/2018,06/30/2017,Built Up,"5230 N VAN NUYS BLVD Los Angeles CA, 91401","(34.16582, -118.44847)"
647,10/02/2018,03/31/2020,Class A or B,"1707 W SUNSET BLVD Los Angeles CA, 90026","(34.07752, -118.2586)"
648,10/04/2018,07/31/2017,Built Up,"7325 N RESEDA BLVD Los Angeles CA, 91335","(34.20376, -118.53632)"
649,10/08/2018,08/31/2020,Built Up,"8829 W NATIONAL BLVD Los Angeles CA, 90034","(34.02913, -118.3864)"
650,10/09/2018,09/30/2020,Comp Shingle,"1941 W FLORENCE AVE Los Angeles CA, 90047","(33.97474, -118.31253)"
651,10/12/2018,06/30/2020,Built Up,"6123 N VINELAND AVE Los Angeles CA, 91606","(34.18188, -118.37056)"
652,10/16/2018,02/28/2019,Built Up,"12410 W BURBANK BLVD Los Angeles CA, 91607","(34.17197, -118.4034)"
653,10/24/2018,10/31/2019,Built Up,"14958 W VENTURA BLVD Los Angeles CA, 91403","(34.1525, -118.45927)"
654,10/25/2018,02/28/2020,Class A or B,"13253 W LOUVRE ST Los Angeles CA, 91331","(34.27323, -118.42165)"
655,10/26/2018,08/31/2017,Built Up,"11840 W FOOTHILL BLVD Los Angeles CA, 91342","(34.27348, -118.39428)"
656,10/29/2018,05/31/2017,Built Up,"1605 S HOOVER ST Los Angeles CA, 90006","(34.04362, -118.28433)"
657,10/30/2018,12/31/2017,Built Up,"9420 N RESEDA BLVD Los Angeles CA, 91324","(34.24152, -118.53589)"
658,10/30/2018,04/30/2018,Built Up,"9525 N VASSAR AVE Los Angeles CA, 91311","(34.24334, -118.60487)"
659,10/30/2018,12/31/2017,Built Up,"9135 N RESEDA BLVD Los Angeles CA, 91324","(34.23639, -118.53634)"
660,10/31/2018,04/30/2020,Comp Shingle,"14655 W SHERMAN WAY Los Angeles CA, 91405","(34.2014, -118.45303)"
661,11/01/2018,09/30/2019,Built Up,"5426 N SATSUMA AVE Los Angeles CA, 91601","(34.16934, -118.36741)"
662,11/07/2018,12/31/2018,Built Up,"17826 W CHATSWORTH ST Los Angeles CA, 91344","(34.26467, -118.52254)"
663,11/13/2018,11/30/2018,Built Up,"5137 E YORK BLVD Los Angeles CA, 90042","(34.12095, -118.20344)"
664,11/16/2018,05/31/2019,Comp Shingle,"7115 N SHOUP AVE Los Angeles CA, 91307","(34.19951, -118.61487)"
665,11/19/2018,06/30/2019,Built Up,"5930 N MONTEREY ROAD Los Angeles CA, 90042","(34.10527, -118.18406)"
666,11/26/2018,10/31/2019,Built Up,"7019 N VALJEAN AVE Los Angeles CA, 91406","(34.19809, -118.48598)"
667,11/26/2018,04/30/2019,Built Up,"1327 W ANAHEIM ST Los Angeles CA, 90744","(33.77924, -118.27919)"
668,11/29/2018,06/30/2020,Class A or B,"3513 E WHITTIER BLVD Los Angeles CA, 90023","(34.02656, -118.19786)"
669,12/05/2018,12/31/2018,Built Up,"5439 N CAHUENGA BLVD Los Angeles CA, 91601","(34.16979, -118.36171)"
670,12/13/2018,12/31/2017,Comp Shingle,"10201 W PICO BLVD Los Angeles CA, 90064","(34.04994, -118.41129)"
671,12/18/2018,10/31/2019,Built Up,"1016 W MANCHESTER AVE Los Angeles CA, 90044","(33.95985, -118.29251)"
672,12/18/2018,02/28/2019,Class A or B,"20340 S HARVARD BLVD Los Angeles CA, 90501","(33.84615, -118.3065)"
673,12/19/2018,07/31/2017,Built Up,"2017 E 7TH ST Los Angeles CA, 90021","(34.03473, -118.23165)"
674,12/21/2018,10/31/2019,Class A or B,"5335 S MCCONNELL AVE Los Angeles CA, 90066","(33.97903, -118.42085)"
675,12/21/2018,10/31/2019,Class A or B,"12811 W CORAL TREE PL Los Angeles CA, 90066","(33.97866, -118.421)"
676,12/27/2018,02/28/2018,Built Up,"2016 W RIVERSIDE DR Los Angeles CA, 90039","(34.09908, -118.24973)"
677,12/27/2018,11/30/2018,Built Up,"21730 W SHERMAN WAY Los Angeles CA, 91303","(34.20086, -118.60267)"
678,01/04/2019,02/28/2019,Built Up,"5930 W PICO BLVD Los Angeles CA, 90035","(34.05176, -118.36888)"
679,01/04/2019,12/31/2017,Built Up,"1900 E 7TH PL Los Angeles CA, 90021","(34.03344, -118.23381)"
680,01/07/2019,08/31/2020,Comp Shingle,"12743 W VENTURA BLVD Los Angeles CA, 91604","(34.1449, -118.41089)"
681,01/08/2019,05/31/2020,Comp Shingle,"10588 W PICO BLVD Los Angeles CA, 90064","(34.04343, -118.4217)"
682,01/08/2019,01/31/2020,Built Up,"3021 W ROWENA AVE Los Angeles CA, 90039","(34.10899, -118.27015)"
683,01/08/2019,07/31/2020,Built Up,"15416 W LASSEN ST Los Angeles CA, 91345","(34.24986, -118.46828)"
684,01/09/2019,11/30/2017,Built Up,"2001 E 7TH ST Los Angeles CA, 90021","(34.03474, -118.23211)"
685,01/11/2019,06/30/2017,Built Up,"7677 W SUNSET BLVD Los Angeles CA, 90046","(34.09821, -118.35673)"
686,01/15/2019,05/31/2019,Class A or B,"22801 W ROSCOE BLVD Los Angeles CA, 91304","(34.22014, -118.62547)"
687,01/15/2019,03/31/2020,Class A or B,"401 S HOPE ST Los Angeles CA, 90071","(34.05207, -118.25414)"
688,01/17/2019,03/31/2018,Built Up,"734 N HIGHLAND AVE Los Angeles CA, 90038","(34.08454, -118.33839)"
689,01/17/2019,03/31/2018,Built Up,"915 S ALVARADO ST Los Angeles CA, 90006","(34.05304, -118.27921)"
690,01/17/2019,05/31/2017,Built Up,"7359 N FULTON AVE Los Angeles CA, 91605","(34.20464, -118.42265)"
691,01/18/2019,08/31/2020,Comp Shingle,"2029 S SAWTELLE BLVD Los Angeles CA, 90025","(34.04015, -118.44316)"
692,01/22/2019,01/31/2020,Built Up,"17930 W VENTURA BLVD Los Angeles CA, 91316","(34.16381, -118.5232)"
693,01/25/2019,05/31/2020,Built Up,"9901 N SEPULVEDA BLVD Los Angeles CA, 91345","(34.25025, -118.46771)"
694,01/29/2019,09/30/2020,Class A or B,"340 S MESA ST Los Angeles CA, 90731","(33.7411, -118.28554)"
695,01/31/2019,02/28/2019,Class A or B,"8733 N SHIRLEY AVE Los Angeles CA, 91324","(34.22947, -118.55804)"
696,01/31/2019,02/28/2019,Class A or B,"11376 W EXPOSITION BLVD Los Angeles CA, 90064","(34.03397, -118.44006)"
697,02/02/2019,06/30/2019,Built Up,"2046 N HILLHURST AVE Los Angeles CA, 90027","(34.10895, -118.28725)"
698,02/07/2019,10/31/2020,Built Up,"12756 W VAN NUYS BLVD Los Angeles CA, 91331","(34.27417, -118.41072)"
699,02/16/2019,06/30/2019,Built Up,"1509 S PONTIUS AVE Los Angeles CA, 90025","(34.04965, -118.4471)"
700,02/28/2019,12/31/2019,Built Up,"6540 W FOOTHILL BLVD Los Angeles CA, 91042",
701,03/07/2019,09/30/2020,Class A or B,"6100 N CANOGA AVE Los Angeles CA, 91367","(34.18143, -118.5972)"
702,03/11/2019,11/30/2019,Built Up,"10824 W BURBANK BLVD Los Angeles CA, 91601","(34.17199, -118.3668)"
703,03/12/2019,06/30/2019,Built Up,"143 N ROBERTSON BLVD Los Angeles CA, 90048","(34.07643, -118.38389)"
704,03/12/2019,03/31/2021,Built Up,"11840 W FOOTHILL BLVD Los Angeles CA, 91342","(34.27348, -118.39428)"
705,03/13/2019,03/31/2020,Comp Shingle,"7257 W MELROSE AVE Los Angeles CA, 90046","(34.08364, -118.34773)"
706,03/13/2019,10/31/2020,Comp Shingle,"3413 N CAHUENGA BLVD Los Angeles CA, 90068","(34.13168, -118.3525)"
707,03/14/2019,07/31/2020,Built Up,"616 N LA BREA AVE Los Angeles CA, 90036","(34.08242, -118.34385)"
708,03/20/2019,07/31/2019,Built Up,"4901 S HOOVER ST Los Angeles CA, 90037","(33.99862, -118.28738)"
709,03/25/2019,10/31/2019,Built Up,"12155 W RIVERSIDE DR Los Angeles CA, 91607","(34.15778, -118.39842)"
710,03/27/2019,07/31/2020,Built Up,"1071 W 251ST ST Los Angeles CA, 90710","(33.79683, -118.2952)"
711,03/28/2019,03/31/2019,Class A or B,"463 S LA BREA AVE Los Angeles CA, 90036","(34.0651, -118.34421)"
712,03/28/2019,03/31/2020,Class A or B,"9215 S CLOVIS AVE Los Angeles CA, 90002","(33.9524, -118.25662)"
713,03/28/2019,03/31/2020,Class A or B,"11852 W VOSE ST Los Angeles CA, 91605","(34.19833, -118.3916)"
714,03/28/2019,08/31/2019,Comp Shingle,"10325 N GLENOAKS BLVD Los Angeles CA, 91331","(34.25782, -118.39588)"
715,03/28/2019,03/31/2019,Class A or B,"457 S LA BREA AVE Los Angeles CA, 90036","(34.06521, -118.34421)"
716,03/28/2019,03/31/2019,Class A or B,"2257 S BARRY AVE Los Angeles CA, 90064","(34.03337, -118.44579)"
717,03/28/2019,07/31/2020,Built Up,"15218 W PARTHENIA ST Los Angeles CA, 91343","(34.2281, -118.46409)"
718,03/29/2019,03/31/2019,Class A or B,"8217 W BEVERLY BLVD Los Angeles CA, 90048","(34.07624, -118.36855)"
719,03/31/2019,05/31/2019,Built Up,"5081 E ALHAMBRA AVE Los Angeles CA, 90032","(34.0712, -118.1755)"
720,04/01/2019,05/31/2020,Built Up,"600 N GRAND AVE Los Angeles CA, 90012","(34.06062, -118.24341)"
721,04/02/2019,12/31/2019,Built Up,"20924 W SHERMAN WAY Los Angeles CA, 91303","(34.20085, -118.58922)"
722,04/02/2019,12/31/2020,Built Up,"12409 W VENTURA CT Los Angeles CA, 91604","(34.14334, -118.40341)"
723,04/03/2019,02/29/2020,Built Up,"12861 W VANOWEN ST Los Angeles CA, 91605","(34.19409, -118.41306)"
724,04/03/2019,09/30/2020,Built Up,"8110 S AIRPORT BLVD Los Angeles CA, 90045","(33.96519, -118.38502)"
725,04/03/2019,05/31/2020,Built Up,"600 N GRAND AVE Los Angeles CA, 90012","(34.06062, -118.24341)"
726,04/04/2019,08/31/2020,Comp Shingle,"7101 S MENLO AVE Los Angeles CA, 90044","(33.97534, -118.28937)"
727,04/10/2019,12/31/2019,Built Up,"14657 W LULL ST Los Angeles CA, 91405","(34.20947, -118.45307)"
728,04/10/2019,09/30/2019,Comp Shingle,"9924 N COMMERCE AVE Los Angeles CA, 91042","(34.24932, -118.28845)"
729,04/10/2019,09/30/2019,Comp Shingle,"3151 W LOS FELIZ BLVD Los Angeles CA, 90039","(34.12414, -118.2678)"
730,04/10/2019,02/28/2020,Class A or B,"7333 N RADFORD AVE Los Angeles CA, 91605","(34.20422, -118.39228)"
731,04/12/2019,04/30/2020,Built Up,"4309 S LEIMERT BLVD Los Angeles CA, 90008","(34.00526, -118.33016)"
732,04/12/2019,12/31/2019,Built Up,"14655 W LULL ST Los Angeles CA, 91405","(34.20946, -118.45274)"
733,04/15/2019,08/31/2020,Built Up,"5431 W 104TH ST Los Angeles CA, 90045","(33.94208, -118.37551)"
734,04/15/2019,05/31/2020,Built Up,"8446 N SAN FERNANDO ROAD Los Angeles CA, 91352","(34.22337, -118.37429)"
735,04/16/2019,09/30/2020,Built Up,"13748 W DESMOND ST Los Angeles CA, 91331","(34.27336, -118.43224)"
736,04/17/2019,10/31/2019,Built Up,"12980 W SHERMAN WAY Los Angeles CA, 91605","(34.20102, -118.4159)"
737,04/18/2019,03/31/2021,Class A or B,"716 N LA BREA AVE Los Angeles CA, 90038","(34.08398, -118.34386)"
738,04/18/2019,03/31/2021,Class A or B,"1529 S ROBERTSON BLVD Los Angeles CA, 90035","(34.0513, -118.3844)"
739,04/23/2019,03/31/2020,Class A or B,"102 E WASHINGTON BLVD Los Angeles CA, 90292","(33.97975, -118.4653)"
740,04/23/2019,09/30/2020,Class A or B,"1325 W STONEWOOD CT Los Angeles CA, 90732","(33.76176, -118.30451)"
741,04/24/2019,09/30/2019,Built Up,"9924 N COMMERCE AVE Los Angeles CA, 91042","(34.24932, -118.28845)"
742,04/24/2019,12/31/2019,Built Up,"11041 N BALBOA BLVD Los Angeles CA, 91344","(34.2712, -118.50242)"
743,04/24/2019,02/28/2021,Built Up,"1420 W 240TH ST Los Angeles CA, 90710","(33.80717, -118.30221)"
744,04/25/2019,12/31/2020,Built Up,"12403 W VENTURA CT Los Angeles CA, 91604","(34.14337, -118.40324)"
745,04/25/2019,10/31/2019,Built Up,"15317 W VANOWEN ST Los Angeles CA, 91406","(34.1941, -118.46692)"
746,05/02/2019,02/29/2020,Class A or B,"725 S CERES AVE Los Angeles CA, 90021","(34.03753, -118.24394)"
747,05/02/2019,02/29/2020,Class A or B,"4900 E VALLEY BLVD Los Angeles CA, 90032","(34.06786, -118.17779)"
748,05/02/2019,02/29/2020,Class A or B,"1915 E VIOLET ST Los Angeles CA, 90021","(34.03272, -118.23342)"
749,05/03/2019,10/31/2019,Class A or B,"7748 W PASEO DEL REY Los Angeles CA, 90293","(33.95596, -118.43399)"
750,05/06/2019,06/30/2019,Built Up,"18752 W VENTURA BLVD Los Angeles CA, 91356","(34.17117, -118.54247)"
751,05/07/2019,10/31/2019,Comp Shingle,"10275 N TUJUNGA CANYON BLVD Los Angeles CA, 91042","(34.25466, -118.29122)"
752,05/10/2019,03/31/2021,Built Up,"10532 W BURBANK BLVD Los Angeles CA, 91601","(34.17201, -118.36066)"
753,05/10/2019,,Class A or B,"516 W 38TH ST Los Angeles CA, 90731","(33.70974, -118.28818)"
754,05/15/2019,03/31/2021,Built Up,"8939 W PICO BLVD Los Angeles CA, 90035","(34.05544, -118.38696)"
755,05/17/2019,06/30/2020,Built Up,"5408 W ADAMS BLVD Los Angeles CA, 90016","(34.03231, -118.36083)"
756,05/22/2019,02/29/2020,Built Up,"4406 W PICO BLVD Los Angeles CA, 90019","(34.04798, -118.33065)"
757,05/28/2019,09/30/2019,Built Up,"8069 W BEVERLY BLVD Los Angeles CA, 90048","(34.07625, -118.3654)"
758,05/31/2019,01/31/2021,Built Up,"19700 W RINALDI ST Los Angeles CA, 91326","(34.27455, -118.56289)"
759,05/31/2019,08/31/2020,Built Up,"12203 W VENTURA BLVD Los Angeles CA, 91604","(34.14344, -118.39859)"
760,06/06/2019,01/31/2021,Built Up,"3827 W SUNSET BLVD Los Angeles CA, 90026","(34.09153, -118.27923)"
761,06/07/2019,06/30/2019,Built Up,"14058 W VICTORY BLVD Los Angeles CA, 91401","(34.18649, -118.43975)"
762,06/11/2019,05/31/2020,Comp Shingle,"12426 W VENTURA BLVD Los Angeles CA, 91604","(34.14263, -118.40393)"
763,06/11/2019,05/31/2020,Comp Shingle,"12426 W VENTURA BLVD Los Angeles CA, 91604","(34.14263, -118.40393)"
764,06/12/2019,08/31/2020,Built Up,"403 W ADAMS BLVD Los Angeles CA, 90007","(34.02736, -118.27382)"
765,06/13/2019,04/30/2021,Comp Shingle,"10500 S AVALON BLVD Los Angeles CA, 90003","(33.94087, -118.265)"
766,06/17/2019,04/30/2020,Built Up,"7133 N VINELAND AVE Los Angeles CA, 91605","(34.20036, -118.37051)"
767,06/18/2019,06/30/2021,Built Up,"5650 W WASHINGTON BLVD Los Angeles CA, 90016","(34.03552, -118.36691)"
768,06/18/2019,04/30/2020,Built Up,"2600 N NORTH MAIN ST Los Angeles CA, 90031","(34.06584, -118.21494)"
769,06/19/2019,06/30/2021,Built Up,"21111 W PLUMMER ST Los Angeles CA, 91311","(34.24286, -118.594)"
770,06/21/2019,07/31/2020,Class A or B,"16946 W SHERMAN WAY Los Angeles CA, 91406","(34.20094, -118.50284)"
771,06/21/2019,06/30/2020,Built Up,"10834 W SANTA MONICA BLVD Los Angeles CA, 90025","(34.04976, -118.4357)"
772,06/21/2019,09/30/2020,Class A or B,"7500 N CHAMINADE AVE Los Angeles CA, 91304","(34.20673, -118.63673)"
773,06/24/2019,04/30/2020,Built Up,"17907 S FIGUEROA ST Los Angeles CA, 90248","(33.86812, -118.28187)"
774,06/25/2019,07/31/2020,Built Up,"5036 W PICO BLVD Los Angeles CA, 90019","(34.04768, -118.34744)"
775,06/26/2019,09/30/2019,Built Up,"6727 N ODESSA AVE Los Angeles CA, 91406","(34.19269, -118.49038)"
776,06/26/2019,06/30/2020,Built Up,"2311 S COTNER AVE Los Angeles CA, 90064","(34.03751, -118.43796)"
777,07/01/2019,06/30/2021,Built Up,"5633 W ADAMS BLVD Los Angeles CA, 90016","(34.03261, -118.36596)"
778,07/01/2019,09/30/2020,Built Up,"788 W 9TH ST Los Angeles CA, 90731","(33.73618, -118.29418)"
779,07/05/2019,10/31/2019,Class A or B,"1235 S CORNING ST Los Angeles CA, 90035","(34.05423, -118.37754)"
780,07/05/2019,04/30/2021,Comp Shingle,"9545 N RESEDA BLVD Los Angeles CA, 91324","(34.2439, -118.53634)"
781,07/05/2019,06/30/2020,Built Up,"844 W COLORADO BLVD Los Angeles CA, 90041","(34.13987, -118.18431)"
782,07/09/2019,04/30/2021,Built Up,"6800 N DE SOTO AVE Los Angeles CA, 91303","(34.19395, -118.58813)"
783,07/09/2019,01/31/2020,Built Up,"10962 W LE CONTE AVE Los Angeles CA, 90024","(34.06346, -118.44754)"
784,07/10/2019,08/31/2020,Built Up,"969 N NORTH BROADWAY Los Angeles CA, 90012","(34.06595, -118.23658)"
785,07/11/2019,05/31/2020,Comp Shingle,"2925 W VERNON AVE Los Angeles CA, 90008","(34.00381, -118.32548)"
786,07/12/2019,07/31/2021,Built Up,"2116 S LA BREA AVE Los Angeles CA, 90016","(34.0379, -118.34846)"
787,07/13/2019,03/31/2020,Built Up,"7229 N WINNETKA AVE Los Angeles CA, 91306","(34.2022, -118.5712)"
788,07/17/2019,03/31/2021,Class A or B,"18640 W ROSCOE BLVD Los Angeles CA, 91325",
789,07/17/2019,03/31/2020,Class A or B,"21738 W MARILLA ST Los Angeles CA, 91311","(34.24747, -118.60326)"
790,07/18/2019,11/30/2019,Built Up,"11331 W CAMARILLO ST Los Angeles CA, 91602","(34.15777, -118.37828)"
791,07/18/2019,07/31/2020,Reroof with Class A of B material weighing less than 6 pounds per sq.f,"2033 S CRESCENT AVE Los Angeles CA, 90731","(33.72544, -118.28512)"
792,07/22/2019,10/31/2020,Built Up,"9722 N TOPANGA CANYON BLVD Los Angeles CA, 91311","(34.24676, -118.60676)"
793,07/24/2019,12/31/2020,Built Up,"9201 N GAZETTE AVE Los Angeles CA, 91311","(34.23814, -118.5873)"
794,07/25/2019,01/31/2021,Built Up,"990 N HILL ST Los Angeles CA, 90012","(34.06691, -118.23727)"
795,07/26/2019,10/31/2019,Built Up,"23838 W KITTRIDGE ST Los Angeles CA, 91307","(34.19077, -118.64617)"
796,07/28/2019,04/30/2020,Built Up,"7631 N ALABAMA AVE Los Angeles CA, 91304","(34.20928, -118.5996)"
797,07/29/2019,03/31/2021,Class A or B,"7415 W BEVERLY BLVD Los Angeles CA, 90036","(34.0763, -118.35176)"
798,07/30/2019,04/30/2020,Comp Shingle,"4445 N NOBLE AVE Los Angeles CA, 91403","(34.15214, -118.46198)"
799,07/30/2019,12/31/2019,Built Up,"501 N FAIRFAX AVE Los Angeles CA, 90036","(34.08026, -118.36163)"
800,07/30/2019,12/31/2019,Built Up,"1404 S LA CIENEGA BLVD Los Angeles CA, 90035","(34.05305, -118.37595)"
801,08/01/2019,04/30/2021,Built Up,"3821 W JEFFERSON BLVD Los Angeles CA, 90016","(34.02571, -118.33809)"
802,08/02/2019,03/31/2020,Class A or B,"919 S ALBANY ST Los Angeles CA, 90015","(34.04913, -118.27045)"
803,08/02/2019,03/31/2020,Class A or B,"1218 E WASHINGTON BLVD Los Angeles CA, 90021",
804,08/02/2019,10/31/2019,Built Up,"23838 W KITTRIDGE ST Los Angeles CA, 91307","(34.19077, -118.64617)"
